YEAR,MONTH,DISTRICT,Brightness,Confidence,ThermalData,FRP,Fire_Count
2012,1,BARDIYA,313.65,74.0,291.35,96.6,2
2012,1,CHITAWAN,317.7285714285714,67.14285714285714,292.45714285714286,221.0,7
2012,1,DOLPA,314.4875,55.25,292.15,179.0,8
2012,1,GORKHA,314.3,60.6,288.98,345.5,5
2012,1,JAJARKOT,303.6333333333333,32.333333333333336,288.09999999999997,30.1,3
2012,1,JUMLA,302.1,25.0,291.2,8.8,1
2012,1,KALIKOT,337.6666666666667,78.66666666666667,292.09999999999997,254.6,3
2012,1,KANCHANPUR,313.53043478260867,64.73913043478261,293.0521739130435,756.5,23
2012,1,KAPILBASTU,305.56666666666666,51.0,292.40000000000003,15.5,3
2012,1,MAKAWANPUR,300.3,13.0,289.3,2.7,1
2012,1,MUGU,301.9,49.0,280.2,9.9,1
2012,1,MYAGDI,309.75,49.0,291.9,36.3,2
2012,1,NAWALPARASI,306.8,64.0,292.8,6.0,1
2012,1,RAUTAHAT,303.4,55.5,292.05,7.7,2
2012,1,RUKUM,314.35,51.75,286.6,170.60000000000002,4
2012,1,SAPTARI,327.1166666666667,74.5,296.46666666666664,349.7,6
2012,1,SINDHUPALCHOK,305.2,22.0,292.9,6.6,1
2012,1,SUNSARI,321.15,54.75,297.475,72.5,4
2012,1,TANAHU,300.3,29.0,286.9,3.5,1
2012,2,BAGLUNG,310.59999999999997,46.333333333333336,293.06666666666666,30.7,3
2012,2,BAJHANG,311.75,33.5,293.54999999999995,25.8,2
2012,2,BAJURA,315.1333333333333,67.33333333333333,287.90000000000003,205.3,3
2012,2,BARDIYA,312.32,53.4,298.04,50.4,5
2012,2,BHOJPUR,301.7,20.0,286.4,10.8,1
2012,2,CHITAWAN,320.2684210526316,62.921052631578945,298.91052631578947,1003.0,38
2012,2,DARCHULA,311.825,56.25,291.2,49.4,4
2012,2,DHANKUTA,314.56,62.8,298.9,61.7,5
2012,2,DOLPA,323.975,46.75,305.0,112.4,4
2012,2,GORKHA,317.90000000000003,50.0,286.62857142857143,203.1,7
2012,2,HUMLA,316.5,40.0,294.7,15.2,1
2012,2,JHAPA,310.7,51.666666666666664,295.3333333333333,35.4,3
2012,2,KABHREPALANCHOK,300.4,0.0,286.3,8.6,1
2012,2,KAILALI,306.5,41.0,294.4,10.8,1
2012,2,KANCHANPUR,323.5421052631579,77.26315789473684,296.4894736842105,1817.8,19
2012,2,KASKI,303.7,48.0,286.7,6.2,1
2012,2,LAMJUNG,313.65,63.0,298.70000000000005,57.7,2
2012,2,MAKAWANPUR,324.3333333333333,78.33333333333333,303.8,62.1,3
2012,2,MORANG,312.9,66.0,296.3,16.0,1
2012,2,MUGU,300.3,29.0,288.3,6.7,1
2012,2,NAWALPARASI,314.15,65.5,300.3,16.0,2
2012,2,OKHALDHUNGA,307.5,36.0,294.15,15.1,2
2012,2,PALPA,307.0,64.5,291.95000000000005,20.6,2
2012,2,PANCHTHAR,314.53333333333336,59.0,290.1111111111111,160.6,9
2012,2,PARSA,309.15999999999997,58.4,294.86,74.1,5
2012,2,PYUTHAN,309.55,43.5,297.35,13.6,2
2012,2,RAUTAHAT,318.4,73.0,302.5,65.8,1
2012,2,RUKUM,313.7,42.0,300.6,14.4,1
2012,2,SANKHUWASABHA,311.7,56.0,297.1,9.9,1
2012,2,SARLAHI,316.8,60.0,303.0,53.2,1
2012,2,SIRAHA,310.4,68.0,295.2,6.8,1
2012,2,SOLUKHUMBU,309.7,51.0,299.3,10.2,1
2012,2,SUNSARI,327.3,81.0,309.7,11.5,1
2012,2,TAPLEJUNG,309.1666666666667,50.333333333333336,292.93333333333334,28.0,3
2012,2,TERHATHUM,344.43333333333334,87.66666666666667,303.8333333333333,188.2,3
2012,3,ACHHAM,305.8,33.0,295.4,6.8,1
2012,3,BAGLUNG,316.26666666666665,69.33333333333333,294.3666666666666,59.5,3
2012,3,BAITADI,319.8,60.5,306.525,41.0,4
2012,3,BAJURA,309.45,52.0,295.25,19.3,2
2012,3,BANKE,309.275,54.5,297.45,27.8,4
2012,3,BARA,319.12,63.4,302.375,231.9,20
2012,3,BARDIYA,319.06666666666666,60.888888888888886,301.55555555555554,138.6,9
2012,3,BHOJPUR,317.36428571428576,64.71428571428571,299.8285714285715,156.3,14
2012,3,CHITAWAN,321.45,63.4875,300.64125,1871.3,80
2012,3,DAILEKH,311.5,52.0,298.0,8.9,1
2012,3,DANG,317.32222222222225,55.0,303.3777777777778,89.9,9
2012,3,DARCHULA,321.1,65.0,308.7,14.8,1
2012,3,DHADING,311.9666666666667,23.666666666666668,298.26666666666665,23.0,3
2012,3,DHANKUTA,322.8230769230769,66.23076923076923,303.76153846153846,274.9,13
2012,3,DHANUSHA,315.53333333333336,56.833333333333336,301.84999999999997,47.3,6
2012,3,DOLAKHA,321.5857142857143,63.0,294.0214285714286,896.9,14
2012,3,DOLPA,317.6,46.0,302.3,15.1,1
2012,3,DOTI,315.1,73.0,302.9,15.0,1
2012,3,HUMLA,313.56666666666666,55.666666666666664,297.0,55.3,3
2012,3,ILAM,309.05,56.0,295.18333333333334,45.7,6
2012,3,JAJARKOT,316.425,54.25,297.075,123.7,4
2012,3,JHAPA,322.37142857142857,56.714285714285715,301.12857142857143,116.2,7
2012,3,KAILALI,319.2333333333333,60.333333333333336,305.23333333333335,40.7,3
2012,3,KALIKOT,315.45000000000005,65.0,301.05,58.1,2
2012,3,KANCHANPUR,327.97755102040816,72.28571428571429,302.34285714285716,2983.6,49
2012,3,KAPILBASTU,321.25,62.0,306.6,20.1,2
2012,3,KHOTANG,317.09999999999997,66.33333333333333,299.43333333333334,36.9,3
2012,3,LALITPUR,313.4,50.0,292.7,6.0,1
2012,3,LAMJUNG,320.5,51.0,304.4,11.5,1
2012,3,MAHOTTARI,318.32666666666665,56.733333333333334,300.5,223.5,15
2012,3,MAKAWANPUR,314.83181818181816,56.95454545454545,298.5386363636364,515.8,44
2012,3,MANANG,302.8,19.0,285.9,6.9,1
2012,3,MORANG,319.8,56.333333333333336,304.73333333333335,41.0,3
2012,3,MUGU,310.6,60.0,294.0,11.1,1
2012,3,MUSTANG,309.35,28.5,289.05,22.599999999999998,2
2012,3,MYAGDI,315.1666666666667,68.33333333333333,293.05,152.8,6
2012,3,NAWALPARASI,322.62857142857143,57.42857142857143,301.64285714285717,211.1,7
2012,3,NUWAKOT,314.45000000000005,67.5,293.15,32.4,2
2012,3,PALPA,317.9,68.0,299.0,11.7,1
2012,3,PANCHTHAR,317.18,67.6,297.37,217.8,10
2012,3,PARSA,321.4988764044944,62.157303370786515,302.06516853932584,1774.7,89
2012,3,RAMECHHAP,312.95,61.5,297.65,22.2,2
2012,3,RASUWA,319.4,35.0,300.0,11.5,1
2012,3,RAUTAHAT,325.71666666666664,63.72222222222222,304.0055555555556,450.4,18
2012,3,ROLPA,322.26666666666665,65.66666666666667,299.3666666666666,66.0,3
2012,3,RUKUM,319.6625,61.5,300.3625,175.4,8
2012,3,SANKHUWASABHA,328.2,75.66666666666667,294.59999999999997,93.8,3
2012,3,SAPTARI,317.62857142857143,49.714285714285715,303.90000000000003,53.5,7
2012,3,SARLAHI,323.15384615384613,64.92307692307692,304.03076923076924,209.7,13
2012,3,SINDHULI,315.9923076923077,49.30769230769231,299.3076923076923,171.6,13
2012,3,SINDHUPALCHOK,314.1875,62.125,295.65,138.5,8
2012,3,SIRAHA,322.8333333333333,50.666666666666664,306.5333333333333,28.4,3
2012,3,SOLUKHUMBU,327.675,78.0,293.45,181.0,4
2012,3,SUNSARI,323.3071428571429,55.42857142857143,301.79285714285714,240.9,14
2012,3,SURKHET,323.76666666666665,71.33333333333333,305.40000000000003,43.3,3
2012,3,TANAHU,315.6666666666667,57.666666666666664,301.6666666666667,34.8,3
2012,3,TAPLEJUNG,320.6857142857143,65.07142857142857,298.88571428571424,260.1,14
2012,3,TERHATHUM,322.2923076923077,61.07692307692308,302.86923076923074,238.2,13
2012,3,UDAYAPUR,315.57241379310346,49.86206896551724,299.7655172413793,228.7,29
2012,4,ACHHAM,320.69,62.7,302.4,164.2,10
2012,4,ARGHAKHANCHI,317.0857142857143,61.74285714285714,302.0857142857143,384.8,35
2012,4,BANKE,323.1481012658228,63.12658227848101,305.5386075949367,2710.9,158
2012,4,BARA,326.4666666666667,63.19047619047619,306.7,292.6,21
2012,4,BARDIYA,323.79269230769233,58.58076923076923,305.05807692307695,4725.6,260
2012,4,BHOJPUR,316.14000000000004,56.4,300.46666666666664,190.3,15
2012,4,CHITAWAN,323.31756756756755,62.054054054054056,302.7108108108108,1302.9,74
2012,4,DADELDHURA,316.71666666666664,60.666666666666664,298.09999999999997,72.5,6
2012,4,DAILEKH,324.075,58.0,308.675,42.5,4
2012,4,DANG,321.7670886075949,62.87341772151899,305.61645569620254,2228.9,158
2012,4,DARCHULA,324.2,75.0,305.6,10.5,1
2012,4,DHADING,320.5785714285715,59.785714285714285,303.25,196.5,14
2012,4,DHANKUTA,317.90000000000003,73.33333333333333,297.56666666666666,83.2,3
2012,4,DHANUSHA,319.40000000000003,54.666666666666664,301.8,25.2,3
2012,4,DOLAKHA,317.04999999999995,58.5,302.65,18.4,2
2012,4,DOTI,315.86,58.5,298.49,132.7,10
2012,4,GORKHA,308.8,63.5,295.2,14.100000000000001,2
2012,4,GULMI,307.26000000000005,63.8,287.03999999999996,138.4,5
2012,4,ILAM,322.96666666666664,59.333333333333336,302.8666666666667,34.5,3
2012,4,JAJARKOT,322.55,55.5,303.075,110.6,4
2012,4,JHAPA,324.925,57.0,303.725,64.10000000000001,4
2012,4,KABHREPALANCHOK,321.4,61.75,303.925,64.30000000000001,4
2012,4,KAILALI,327.83690476190475,68.46428571428571,307.83809523809526,1657.3,84
2012,4,KANCHANPUR,327.075,65.58928571428571,305.59464285714284,1252.9,56
2012,4,KAPILBASTU,327.4241758241758,68.14285714285714,309.59120879120877,1825.9,91
2012,4,KHOTANG,317.84999999999997,61.5,301.40000000000003,80.5,6
2012,4,MAHOTTARI,322.575,58.166666666666664,303.5083333333333,184.70000000000002,12
2012,4,MAKAWANPUR,316.68888888888887,58.94444444444444,299.67777777777775,224.3,18
2012,4,MORANG,320.525,48.0,302.4125,116.6,8
2012,4,MYAGDI,331.04999999999995,79.5,300.0,55.5,2
2012,4,NAWALPARASI,323.22083333333336,62.458333333333336,304.628125,1543.6,96
2012,4,NUWAKOT,318.90000000000003,68.5,297.8833333333333,123.1,6
2012,4,OKHALDHUNGA,333.55,81.0,312.85,47.4,2
2012,4,PALPA,313.88,45.7,299.15,80.8,10
2012,4,PANCHTHAR,321.82,76.2,300.38,101.39999999999999,5
2012,4,PARSA,326.13466666666665,61.89333333333333,304.0973333333333,1237.3,75
2012,4,PYUTHAN,317.41052631578947,59.26315789473684,300.7894736842105,284.7,19
2012,4,RASUWA,302.8,51.0,290.5,7.9,1
2012,4,RAUTAHAT,317.475,68.75,301.65,37.6,4
2012,4,RUKUM,304.5,49.666666666666664,289.1666666666667,23.3,3
2012,4,RUPANDEHI,320.6884615384615,61.88461538461539,304.8346153846154,308.7,26
2012,4,SALYAN,320.9222222222222,52.31111111111111,304.5711111111111,571.4,45
2012,4,SAPTARI,321.5,62.0,305.1,12.9,1
2012,4,SARLAHI,317.62857142857143,61.142857142857146,301.14285714285717,56.8,7
2012,4,SINDHULI,315.21,55.93333333333333,298.42,310.8,30
2012,4,SINDHUPALCHOK,313.0,61.333333333333336,293.3,38.7,3
2012,4,SIRAHA,353.72499999999997,92.5,316.325,220.39999999999998,4
2012,4,SUNSARI,324.85,53.0,307.25,37.3,2
2012,4,SURKHET,321.31363636363636,57.39772727272727,304.0602272727273,1341.2,88
2012,4,TANAHU,321.7315789473684,63.1578947368421,302.0263157894737,278.8,19
2012,4,TAPLEJUNG,320.90000000000003,75.66666666666667,300.8333333333333,62.4,3
2012,4,TERHATHUM,324.3666666666666,73.33333333333333,306.93333333333334,57.5,3
2012,4,UDAYAPUR,315.53333333333336,57.5,300.45,115.4,12
2012,5,ACHHAM,315.5444444444445,53.0,300.42962962962963,319.9,27
2012,5,ARGHAKHANCHI,315.40909090909093,55.72727272727273,300.6727272727273,160.5,11
2012,5,BAITADI,315.38666666666666,56.53333333333333,300.6,150.2,15
2012,5,BAJHANG,325.2,62.25,304.27500000000003,102.6,4
2012,5,BAJURA,315.0,27.5,298.25,19.0,2
2012,5,BANKE,326.88524590163934,69.04918032786885,307.74426229508197,1303.5,61
2012,5,BARA,317.6,44.0,296.8,7.7,1
2012,5,BARDIYA,332.8514285714285,71.91428571428571,312.30285714285714,873.9,35
2012,5,BHOJPUR,312.7,55.0,299.20000000000005,13.1,2
2012,5,CHITAWAN,318.86,51.4,302.73999999999995,75.1,5
2012,5,DADELDHURA,317.21619047619043,61.838095238095235,301.247619047619,1326.7,105
2012,5,DAILEKH,319.0411764705882,63.94117647058823,302.5470588235294,212.9,17
2012,5,DANG,324.59333333333336,69.26666666666667,307.0833333333333,466.0,30
2012,5,DARCHULA,320.56666666666666,55.666666666666664,305.1333333333334,84.7,6
2012,5,DHADING,320.4,52.0,306.2,7.0,1
2012,5,DHANKUTA,327.59999999999997,67.0,302.8,74.9,3
2012,5,DOLAKHA,329.5,78.0,307.5,14.4,1
2012,5,DOLPA,322.95,55.5,303.1,29.2,2
2012,5,DOTI,316.62571428571425,59.8,300.51428571428573,497.5,35
2012,5,GORKHA,315.8,39.0,302.1,6.7,1
2012,5,HUMLA,346.0,88.0,283.5,76.6,1
2012,5,JAJARKOT,314.2692307692308,55.61538461538461,299.5230769230769,168.9,13
2012,5,KAILALI,324.6347826086957,63.03260869565217,307.5586956521739,1326.7,92
2012,5,KANCHANPUR,323.52941176470586,66.82352941176471,307.1294117647059,457.7,34
2012,5,KAPILBASTU,319.91818181818184,65.63636363636364,302.42727272727274,167.9,11
2012,5,KATHMANDU,331.4,81.0,311.4,16.8,1
2012,5,KHOTANG,315.48,45.0,300.68,53.2,5
2012,5,LALITPUR,328.9,70.0,302.7,30.2,1
2012,5,MAKAWANPUR,310.04999999999995,50.0,293.70000000000005,19.3,2
2012,5,MUGU,333.7,85.0,300.1,36.5,1
2012,5,NAWALPARASI,315.2,62.166666666666664,294.1666666666667,199.8,6
2012,5,OKHALDHUNGA,326.425,66.75,310.225,44.3,4
2012,5,PALPA,317.90000000000003,65.0,298.25,271.59999999999997,6
2012,5,PANCHTHAR,316.2,36.0,304.1,7.1,1
2012,5,PARSA,319.9,32.0,298.7,31.7,1
2012,5,PYUTHAN,319.4888888888889,71.22222222222223,298.31944444444446,752.7,36
2012,5,RASUWA,331.275,72.0,303.075,120.2,4
2012,5,ROLPA,325.6,55.0,304.3,19.5,1
2012,5,RUKUM,324.03125,65.375,300.675,417.8,16
2012,5,RUPANDEHI,319.175,75.75,300.925,39.9,4
2012,5,SALYAN,322.29818181818183,67.98181818181818,303.38909090909095,1099.0,55
2012,5,SANKHUWASABHA,324.95,67.75,296.775,124.9,4
2012,5,SINDHULI,323.05,44.5,303.34999999999997,72.5,6
2012,5,SINDHUPALCHOK,312.14,50.4,295.26,63.0,5
2012,5,SURKHET,321.44897959183675,62.6530612244898,303.8234693877551,1322.3,98
2012,5,TANAHU,301.3,39.0,290.9,4.4,1
2012,6,ACHHAM,323.05,75.6,300.58000000000004,256.4,10
2012,6,ARGHAKHANCHI,315.1,91.0,293.4,15.6,1
2012,6,BAITADI,324.74,64.4,306.64,68.3,5
2012,6,BANKE,307.9,70.0,297.2,4.0,1
2012,6,BARDIYA,333.85,76.5,312.15,25.299999999999997,2
2012,6,DADELDHURA,326.575,59.875,308.2125,104.4,8
2012,6,DAILEKH,303.15,50.0,290.95,16.9,2
2012,6,DOTI,316.5625,53.0,300.0125,136.3,8
2012,6,HUMLA,323.95,55.0,300.65,54.3,2
2012,6,JAJARKOT,332.40000000000003,69.0,308.8666666666667,186.5,6
2012,6,JUMLA,319.375,52.625,295.3125,144.70000000000002,8
2012,6,KAILALI,322.5307692307692,66.23076923076923,304.5692307692308,188.2,13
2012,6,KALIKOT,324.53333333333336,69.83333333333333,296.95,387.9,6
2012,6,KANCHANPUR,322.95,45.0,304.25,64.8,2
2012,6,MYAGDI,327.06666666666666,71.33333333333333,292.4666666666667,136.20000000000002,3
2012,6,PALPA,323.7,68.0,304.6,9.6,1
2012,6,PYUTHAN,312.4,60.3,296.93,81.5,10
2012,6,ROLPA,332.8,64.0,307.4,22.1,1
2012,6,RUKUM,329.43999999999994,59.8,308.03999999999996,189.60000000000002,5
2012,6,RUPANDEHI,350.1,93.0,309.2,38.6,1
2012,6,SALYAN,320.5869565217391,65.91304347826087,302.1521739130435,399.7,23
2012,6,SURKHET,317.95,70.45833333333333,300.0833333333333,515.6,24
2012,7,MUGU,316.0,35.0,295.3,49.8,1
2012,9,RUPANDEHI,317.3,32.0,301.6,8.0,1
2012,10,BARA,314.29999999999995,65.5,302.15,22.8,2
2012,10,BHOJPUR,316.7,63.0,306.2,9.1,1
2012,10,CHITAWAN,309.3,26.0,295.9,4.6,1
2012,10,DADELDHURA,304.5,20.0,292.0,3.2,1
2012,10,KAPILBASTU,313.1,63.0,300.3,7.0,1
2012,10,RUKUM,317.6,70.0,293.2,35.6,1
2012,10,TAPLEJUNG,302.1,21.5,284.6,14.0,2
2012,11,ACHHAM,304.0,22.0,291.5,3.9,1
2012,11,BAGLUNG,332.6,88.0,286.6,73.5,1
2012,11,BAJHANG,312.71999999999997,55.1,287.53000000000003,311.2,10
2012,11,BAJURA,307.48333333333335,58.166666666666664,285.9166666666667,101.5,6
2012,11,BARA,313.1,68.0,298.0,10.2,1
2012,11,DHADING,309.3,44.0,288.4,8.3,1
2012,11,DOLPA,314.73333333333335,32.0,298.0,40.8,3
2012,11,GORKHA,316.05,58.75,294.525,59.099999999999994,4
2012,11,JAJARKOT,306.7,49.833333333333336,289.8833333333333,140.6,6
2012,11,JUMLA,305.6,39.0,290.35,14.5,2
2012,11,KALIKOT,311.975,58.0,295.425,42.9,4
2012,11,KANCHANPUR,313.3666666666667,68.16666666666667,296.93333333333334,70.9,6
2012,11,KAPILBASTU,314.5,66.0,301.7,8.1,1
2012,11,KHOTANG,306.4,48.0,295.4,6.6,1
2012,11,LAMJUNG,308.1666666666667,48.0,290.09999999999997,23.9,3
2012,11,MUGU,312.88,64.4,291.06,82.2,5
2012,11,MYAGDI,306.9,41.5,294.1,16.1,2
2012,11,PARSA,309.3333333333333,51.666666666666664,298.09999999999997,15.1,3
2012,11,RUPANDEHI,311.94,55.4,298.84000000000003,34.5,5
2012,11,SANKHUWASABHA,309.2,29.0,290.6,10.1,1
2012,11,SAPTARI,313.9,61.5,301.70000000000005,14.2,2
2012,11,SINDHUPALCHOK,309.9,60.0,291.6,10.4,1
2012,11,SUNSARI,321.8,77.0,300.2,14.8,1
2012,12,BAJHANG,318.2,63.2,292.32,101.7,5
2012,12,BAJURA,311.8333333333333,65.66666666666667,294.53333333333336,34.1,3
2012,12,CHITAWAN,303.3,41.0,289.59999999999997,26.3,3
2012,12,DAILEKH,307.3,65.0,288.9,47.8,1
2012,12,DARCHULA,309.9,69.0,281.5,27.5,1
2012,12,DHADING,308.54,52.2,288.8,54.9,5
2012,12,DOLPA,316.0833333333333,47.833333333333336,293.56666666666666,127.6,6
2012,12,GORKHA,312.06,54.76,288.496,523.1,25
2012,12,HUMLA,305.8,40.0,288.0,8.6,1
2012,12,JAJARKOT,303.70000000000005,28.5,287.95000000000005,12.3,2
2012,12,JHAPA,329.95000000000005,84.5,296.7,176.5,2
2012,12,JUMLA,305.65,47.25,288.55,30.1,4
2012,12,KAILALI,300.5,37.0,282.8,4.2,1
2012,12,KALIKOT,311.9857142857143,56.142857142857146,286.24285714285713,127.8,7
2012,12,KASKI,315.4,69.0,285.65,37.6,2
2012,12,LAMJUNG,314.8,58.1875,289.13124999999997,528.2,16
2012,12,MAKAWANPUR,304.3,57.0,290.8,6.0,1
2012,12,MUGU,306.43333333333334,49.0,285.3,33.6,3
2012,12,MYAGDI,311.3333333333333,62.666666666666664,289.73333333333335,41.3,3
2012,12,PANCHTHAR,307.1,65.0,285.2,9.5,1
2012,12,PARSA,308.9,62.0,296.74,30.5,5
2012,12,RASUWA,335.29375,78.4375,286.96875,2088.2,16
2012,12,ROLPA,318.3,78.0,289.1,18.1,1
2012,12,RUKUM,307.59999999999997,39.333333333333336,290.09999999999997,29.3,3
2012,12,RUPANDEHI,308.7,61.0,297.0,4.7,1
2012,12,SANKHUWASABHA,320.6,80.0,285.7,21.0,1
2012,12,SAPTARI,316.07,68.4,297.87,174.0,10
2012,12,SINDHUPALCHOK,302.75,32.5,286.45,33.4,2
2012,12,SUNSARI,316.75,71.5,295.6,32.4,2
2012,12,TAPLEJUNG,314.92857142857144,55.0,283.7285714285714,530.2,7
2013,1,ARGHAKHANCHI,305.35,45.0,293.1,15.3,2
2013,1,BAJHANG,313.0571428571428,58.095238095238095,287.45714285714286,1068.6,21
2013,1,BAJURA,306.575,52.0,288.4,35.4,4
2013,1,BARA,306.4,63.0,291.6,6.0,1
2013,1,CHITAWAN,316.05384615384617,70.6923076923077,294.83846153846156,190.6,13
2013,1,DARCHULA,302.95000000000005,42.0,287.79999999999995,21.3,2
2013,1,DHADING,316.525,59.75,288.2375,283.7,8
2013,1,DOLAKHA,321.1666666666667,74.0,287.9666666666667,71.2,3
2013,1,DOLPA,324.71666666666664,64.83333333333333,290.35,398.4,6
2013,1,GORKHA,318.45714285714286,55.57142857142857,289.0928571428571,557.7,14
2013,1,HUMLA,314.26666666666665,62.0,291.23333333333335,51.5,3
2013,1,JAJARKOT,307.1333333333333,40.333333333333336,286.96666666666664,48.0,3
2013,1,JHAPA,306.1,58.0,294.6,4.2,1
2013,1,JUMLA,314.825,68.375,282.3375,226.1,8
2013,1,KALIKOT,304.7142857142857,40.285714285714285,287.07142857142856,91.8,7
2013,1,KASKI,317.0307692307692,57.0,286.65384615384613,515.1,13
2013,1,LAMJUNG,314.06666666666666,55.523809523809526,288.0904761904762,413.4,21
2013,1,MAHOTTARI,312.9,45.0,296.6,7.8,1
2013,1,MORANG,304.7,59.333333333333336,292.40000000000003,33.9,3
2013,1,MUGU,306.45,31.5,289.225,44.9,4
2013,1,MYAGDI,306.2,53.5,286.75,16.6,2
2013,1,NAWALPARASI,311.3,70.0,298.2,8.2,1
2013,1,PYUTHAN,308.4,67.0,288.2,10.5,1
2013,1,RASUWA,312.14,69.8,280.9,73.30000000000001,5
2013,1,RAUTAHAT,302.6,53.0,291.5,3.5,1
2013,1,RUKUM,308.9166666666667,53.5,289.18333333333334,79.0,6
2013,1,SAPTARI,308.45,54.5,295.25,32.5,2
2013,1,SINDHUPALCHOK,325.5,84.0,290.4,25.4,1
2013,1,SOLUKHUMBU,307.24,56.0,289.1,68.8,5
2013,1,SUNSARI,312.3333333333333,53.333333333333336,298.73333333333335,41.8,3
2013,1,SYANGJA,304.0,41.0,292.8,4.7,1
2013,1,TAPLEJUNG,309.95000000000005,52.5,274.3,26.1,2
2013,2,BAJHANG,308.54999999999995,60.5,288.35,20.7,2
2013,2,BARA,310.25,47.5,298.85,18.8,2
2013,2,CHITAWAN,313.61481481481485,57.2962962962963,298.04814814814813,411.8,27
2013,2,GORKHA,305.25,35.0,291.5,14.2,2
2013,2,JHAPA,316.6,64.0,302.1,7.6,1
2013,2,KANCHANPUR,309.7333333333333,61.666666666666664,297.73333333333335,22.9,3
2013,2,MAHOTTARI,319.54999999999995,58.0,303.65,17.4,2
2013,2,MORANG,314.4,43.0,302.9,4.8,1
2013,2,MUGU,307.9,39.0,294.2,8.2,1
2013,2,NAWALPARASI,313.2,61.0,297.9,8.7,1
2013,2,NUWAKOT,313.45,71.0,296.15,18.5,2
2013,2,PANCHTHAR,313.0333333333333,56.0,295.93333333333334,113.9,3
2013,2,RUKUM,317.525,68.5,291.8,83.9,4
2013,2,SANKHUWASABHA,312.0066666666666,57.0,292.15333333333336,299.0,15
2013,2,SARLAHI,315.3666666666666,61.666666666666664,301.09999999999997,29.4,3
2013,2,SINDHUPALCHOK,321.85,81.0,290.25,39.0,2
2013,2,SIRAHA,312.9,45.0,301.9,5.6,1
2013,2,SOLUKHUMBU,300.8,23.0,289.9,9.0,1
2013,2,SUNSARI,324.7,80.0,298.1666666666667,80.80000000000001,3
2013,2,TAPLEJUNG,312.625,66.25,289.2,76.7,4
2013,2,TERHATHUM,314.08000000000004,53.0,299.06,71.8,5
2013,2,UDAYAPUR,314.6,64.5,296.6,23.299999999999997,2
2013,3,BAJURA,311.15,65.0,288.4,21.4,2
2013,3,BARA,323.5388888888889,54.44444444444444,305.0777777777778,243.6,18
2013,3,BHOJPUR,301.5,41.0,289.1,6.3,1
2013,3,CHITAWAN,322.5261538461539,62.56923076923077,302.5276923076923,1460.9,65
2013,3,DANG,311.5,80.5,296.15,18.7,2
2013,3,DHADING,319.23333333333335,60.666666666666664,296.7,55.099999999999994,3
2013,3,DHANKUTA,315.4,53.0,302.2,6.3,1
2013,3,DHANUSHA,323.4,61.92307692307692,307.4846153846154,152.6,13
2013,3,DOLPA,308.45000000000005,39.5,294.35,53.099999999999994,2
2013,3,DOTI,319.2,73.0,301.8,11.9,1
2013,3,GORKHA,309.9,37.5,296.4,11.3,2
2013,3,JAJARKOT,324.0,70.0,304.15,30.6,2
2013,3,JHAPA,326.65,54.5,306.95,26.2,2
2013,3,KALIKOT,311.3,51.0,295.4,10.7,1
2013,3,KANCHANPUR,320.17777777777775,67.88888888888889,300.09999999999997,995.5,27
2013,3,LAMJUNG,309.7,55.0,294.6,22.3,1
2013,3,MAHOTTARI,322.43333333333334,66.16666666666667,304.1222222222222,245.1,18
2013,3,MAKAWANPUR,324.2421052631579,56.1578947368421,303.5736842105263,355.90000000000003,19
2013,3,MANANG,312.1,26.0,293.8,13.7,1
2013,3,MORANG,318.14,52.3,298.23,124.6,10
2013,3,MUGU,326.0,57.0,301.90000000000003,79.1,3
2013,3,MYAGDI,310.0,60.0,292.6,15.0,1
2013,3,NAWALPARASI,323.56,70.6,301.34000000000003,101.9,5
2013,3,PALPA,310.7,31.0,297.9,5.0,1
2013,3,PARSA,320.4534351145038,58.58015267175573,302.0847328244275,2579.9,131
2013,3,RASUWA,315.26666666666665,50.0,293.46666666666664,63.7,3
2013,3,RAUTAHAT,322.8066666666667,60.666666666666664,304.53333333333336,279.9,15
2013,3,RUKUM,312.7,49.0,293.15,17.2,2
2013,3,SANKHUWASABHA,314.5333333333333,61.666666666666664,289.6666666666667,69.4,3
2013,3,SAPTARI,321.46,59.0,306.21999999999997,49.8,5
2013,3,SARLAHI,329.0785714285715,67.0,308.37142857142857,274.5,14
2013,3,SINDHULI,314.71666666666664,49.0,299.93333333333334,47.900000000000006,6
2013,3,SIRAHA,324.025,61.75,308.675,35.8,4
2013,3,SUNSARI,301.4,41.0,291.1,10.7,1
2013,3,TANAHU,315.95714285714286,54.714285714285715,301.37142857142857,113.6,7
2013,3,TAPLEJUNG,338.175,53.875,292.725,558.6,8
2013,3,TERHATHUM,316.7,45.0,301.9,6.8,1
2013,3,UDAYAPUR,322.72857142857146,59.333333333333336,305.67619047619047,251.1,21
2013,4,ACHHAM,321.1,45.0,303.9,8.3,1
2013,4,ARGHAKHANCHI,323.4,40.0,312.5,14.0,2
2013,4,BAJHANG,313.8,55.0,290.1,22.6,1
2013,4,BANKE,322.9271317829457,61.51162790697674,304.6968992248062,1948.4,129
2013,4,BARA,324.42765957446807,62.08510638297872,307.9531914893617,640.5,47
2013,4,BARDIYA,320.9107142857143,60.035714285714285,304.83214285714286,337.9,28
2013,4,BHOJPUR,324.23333333333335,66.33333333333333,302.53333333333336,387.7,12
2013,4,CHITAWAN,319.2495726495726,58.12820512820513,302.2521367521368,1852.6,117
2013,4,DANG,323.84285714285716,60.767857142857146,308.62142857142857,706.8,56
2013,4,DHADING,315.88363636363636,59.018181818181816,299.7381818181818,616.4,55
2013,4,DHANKUTA,320.93333333333334,59.333333333333336,303.8666666666667,40.599999999999994,3
2013,4,DHANUSHA,318.9384615384615,60.23076923076923,304.7,124.7,13
2013,4,DOLAKHA,317.25,60.5,292.5,41.2,2
2013,4,DOLPA,310.70000000000005,60.0,293.20000000000005,193.8,2
2013,4,GORKHA,319.2269230769231,60.42307692307692,303.4153846153846,258.6,26
2013,4,GULMI,325.325,55.25,301.85,85.5,4
2013,4,HUMLA,335.25,81.5,300.75,60.3,2
2013,4,ILAM,310.95,62.333333333333336,296.15000000000003,73.9,6
2013,4,JAJARKOT,317.5,73.0,287.0,16.2,1
2013,4,JHAPA,320.25,66.0,302.275,86.30000000000001,4
2013,4,KABHREPALANCHOK,315.9,64.93333333333334,297.65333333333336,256.9,15
2013,4,KAILALI,324.19,62.8,308.01,114.4,10
2013,4,KALIKOT,321.3,58.0,298.1,66.3,2
2013,4,KANCHANPUR,327.8370370370371,55.77777777777778,308.1703703703704,539.4,27
2013,4,KAPILBASTU,321.895,55.65,308.04499999999996,194.5,20
2013,4,KASKI,322.5,58.8,301.6,66.1,5
2013,4,KATHMANDU,316.65,50.0,299.04999999999995,22.9,2
2013,4,KHOTANG,319.7555555555556,57.44444444444444,302.9,352.8,18
2013,4,LALITPUR,316.75714285714287,70.14285714285714,301.9428571428571,90.3,7
2013,4,LAMJUNG,314.45,44.5,299.9,26.6,4
2013,4,MAHOTTARI,319.53499999999997,65.25,303.82,235.6,20
2013,4,MAKAWANPUR,317.09343065693434,58.481751824817515,301.45839416058396,1526.0,137
2013,4,MORANG,315.4875,53.8125,299.325,175.1,16
2013,4,MYAGDI,316.3333333333333,40.0,299.76666666666665,35.0,3
2013,4,NAWALPARASI,321.93333333333334,57.607142857142854,304.0988095238095,1323.6,84
2013,4,NUWAKOT,316.73333333333335,67.33333333333333,300.09999999999997,58.300000000000004,6
2013,4,PALPA,321.20000000000005,52.0,308.8,16.9,2
2013,4,PANCHTHAR,307.5,44.0,294.3333333333333,33.7,3
2013,4,PARSA,321.38367346938776,60.44897959183673,304.1387755102041,720.5,49
2013,4,PYUTHAN,323.6,58.5,302.8375,134.3,8
2013,4,RASUWA,322.2,63.0,308.0,9.0,1
2013,4,RAUTAHAT,325.95454545454544,66.86363636363636,306.34999999999997,453.9,22
2013,4,ROLPA,324.2,68.0,304.1,29.5,1
2013,4,RUKUM,321.3333333333333,61.0,305.23333333333335,45.1,3
2013,4,RUPANDEHI,317.91999999999996,62.3,301.72,116.0,10
2013,4,SALYAN,324.6125,61.0,309.4875,82.6,8
2013,4,SANKHUWASABHA,326.55,72.0,298.7125,464.5,8
2013,4,SAPTARI,321.375,56.25,307.47499999999997,46.8,4
2013,4,SARLAHI,317.4516129032258,56.935483870967744,302.2838709677419,334.2,31
2013,4,SINDHULI,318.46197183098593,60.063380281690144,302.10985915492955,2082.8,142
2013,4,SINDHUPALCHOK,319.1,59.0,286.3,418.8,4
2013,4,SIRAHA,321.3888888888889,65.22222222222223,306.81111111111113,84.6,9
2013,4,SOLUKHUMBU,322.3333333333333,69.0,295.6666666666667,312.3,6
2013,4,SUNSARI,322.3375,50.8125,304.60625,213.3,16
2013,4,SURKHET,329.625,69.75,309.55,54.2,4
2013,4,SYANGJA,323.6,62.0,308.5,8.2,1
2013,4,TANAHU,316.54,52.9,300.52750000000003,408.0,40
2013,4,TAPLEJUNG,344.88,56.4,291.04,619.5,5
2013,4,UDAYAPUR,318.28000000000003,61.90909090909091,303.06545454545454,605.7,55
2013,5,ACHHAM,317.48333333333335,50.388888888888886,301.73333333333335,274.8,18
2013,5,BAITADI,324.43333333333334,64.66666666666667,304.23333333333335,37.3,3
2013,5,BAJHANG,322.8,48.25,298.625,116.9,4
2013,5,BANKE,326.08181818181816,74.72727272727273,307.04545454545456,183.5,11
2013,5,BARDIYA,324.892,67.144,305.7992,2710.6,125
2013,5,CHITAWAN,323.3,68.0,309.4,10.9,1
2013,5,DADELDHURA,322.625,51.0,306.025,43.0,4
2013,5,DANG,320.125,75.0,304.6,50.6,4
2013,5,DHADING,308.2,44.0,296.1666666666667,24.3,3
2013,5,DHANKUTA,324.26666666666665,68.33333333333333,305.53333333333336,48.8,3
2013,5,DOTI,318.7714285714286,57.714285714285715,302.7,104.5,7
2013,5,GULMI,300.8,33.0,290.7,5.1,1
2013,5,JAJARKOT,339.7,87.0,307.4,33.1,1
2013,5,JUMLA,325.1857142857143,60.57142857142857,297.2714285714286,256.2,7
2013,5,KAILALI,325.90833333333336,59.333333333333336,308.59999999999997,188.0,12
2013,5,KANCHANPUR,329.9222222222222,63.22222222222222,303.9777777777778,401.29999999999995,9
2013,5,KAPILBASTU,324.8333333333333,65.33333333333333,300.73333333333335,67.0,3
2013,5,KHOTANG,323.2,49.0,306.9,11.4,1
2013,5,MUGU,332.0,77.33333333333333,303.09999999999997,199.89999999999998,3
2013,5,NUWAKOT,312.7,85.0,291.8,17.1,1
2013,5,PALPA,324.7,70.0,305.0,26.6,1
2013,5,PANCHTHAR,333.1666666666667,77.66666666666667,309.2,89.4,3
2013,5,PARSA,305.5,64.0,294.8,5.2,1
2013,5,PYUTHAN,311.26666666666665,81.0,292.3333333333333,35.9,3
2013,5,RAMECHHAP,311.0571428571429,64.57142857142857,294.35714285714283,104.0,7
2013,5,SALYAN,318.33125,50.6875,302.8625,251.1,16
2013,5,SINDHULI,320.625,56.75,301.8,65.7,4
2013,5,SINDHUPALCHOK,319.3,58.0,302.15999999999997,67.3,5
2013,5,SURKHET,320.68888888888887,58.5,304.5388888888889,410.2,36
2013,6,KANCHANPUR,332.55,73.66666666666667,296.3666666666667,368.0,6
2013,7,NAWALPARASI,319.5,63.0,295.9,12.7,1
2013,8,DOTI,313.2,45.0,297.1,7.5,1
2013,9,BARA,316.2,67.0,301.2,12.9,1
2013,9,PARSA,313.5,42.0,296.3,11.2,1
2013,9,SUNSARI,322.4,52.0,306.2,10.7,1
2013,10,DANG,309.7,57.0,295.7,7.8,1
2013,10,DOLPA,301.2,30.0,286.5,20.3,1
2013,10,HUMLA,328.09999999999997,76.33333333333333,285.73333333333335,92.4,3
2013,10,KANCHANPUR,317.5,72.0,298.8,11.9,1
2013,10,MUSTANG,305.1,0.0,286.8,9.1,1
2013,10,NAWALPARASI,314.4,66.0,295.8,9.0,1
2013,10,RUKUM,305.0,57.0,289.6,7.8,1
2013,10,TAPLEJUNG,301.4,32.0,290.8,4.0,1
2013,11,BAGLUNG,316.09999999999997,76.33333333333333,289.06666666666666,131.5,3
2013,11,BAJHANG,315.15,64.0,288.75,29.6,2
2013,11,BAJURA,308.975,47.25,292.95,56.0,4
2013,11,CHITAWAN,312.5,64.0,296.0,8.5,1
2013,11,GORKHA,303.6,52.0,289.2,7.9,1
2013,11,HUMLA,312.96666666666664,45.333333333333336,293.3666666666666,95.6,3
2013,11,JUMLA,300.5333333333333,23.666666666666668,288.3333333333333,16.5,3
2013,11,KALIKOT,315.0333333333333,63.666666666666664,288.0333333333333,86.4,3
2013,11,KANCHANPUR,325.5,73.0,297.5,70.5,3
2013,11,KAPILBASTU,315.1,69.0,299.8,7.1,1
2013,11,KASKI,312.75,67.0,288.85,26.6,2
2013,11,MUGU,315.73333333333335,64.0,295.05,104.8,6
2013,11,MYAGDI,309.73333333333335,62.333333333333336,288.6666666666667,48.8,3
2013,11,PARSA,310.575,63.0,298.25,29.7,4
2013,11,RUKUM,314.125,65.0,286.7,107.8,4
2013,11,RUPANDEHI,315.45,69.0,301.6,18.200000000000003,2
2013,11,TAPLEJUNG,309.4,58.5,286.55,35.3,2
2013,12,BAGLUNG,346.5,95.0,282.8,111.2,1
2013,12,BAJHANG,310.7111111111111,51.77777777777778,289.01666666666665,312.0,18
2013,12,BAJURA,314.3666666666667,60.0,292.09999999999997,108.3,3
2013,12,BARA,316.9,73.0,299.2,9.3,1
2013,12,CHITAWAN,305.8,62.0,295.1,9.6,1
2013,12,DAILEKH,300.2,28.0,287.3,5.4,1
2013,12,DARCHULA,317.0,70.0,294.25,47.5,2
2013,12,DHADING,301.7,23.0,284.2,13.6,2
2013,12,DHANKUTA,300.4,13.0,289.1,2.8,1
2013,12,DOLPA,308.925,35.25,292.575,120.1,8
2013,12,GORKHA,316.26363636363635,63.0,290.1272727272727,448.5,11
2013,12,HUMLA,316.4764705882353,58.588235294117645,289.2352941176471,503.3,17
2013,12,JAJARKOT,325.45000000000005,78.5,291.35,54.8,2
2013,12,KAILALI,311.75,71.0,294.1,22.0,2
2013,12,KALIKOT,305.925,44.0,287.5,39.3,4
2013,12,KANCHANPUR,304.625,57.25,293.475,32.4,4
2013,12,KASKI,308.1,47.5,284.75,37.7,2
2013,12,LAMJUNG,315.46,70.4,288.82,84.1,5
2013,12,MAKAWANPUR,303.3,53.0,292.3,6.4,1
2013,12,MUGU,300.3,35.0,277.6,12.9,1
2013,12,MUSTANG,306.53333333333336,39.666666666666664,281.9,94.6,3
2013,12,MYAGDI,316.6,66.125,291.0,394.4,8
2013,12,PARSA,310.95384615384614,64.53846153846153,297.63846153846157,81.5,13
2013,12,RUKUM,308.96666666666664,59.0,288.8666666666667,40.1,3
2013,12,RUPANDEHI,314.9,69.0,300.3,7.6,1
2013,12,SALYAN,304.65,58.0,293.04999999999995,20.3,2
2013,12,SINDHUPALCHOK,322.0,78.66666666666667,286.9777777777778,469.5,9
2013,12,SOLUKHUMBU,302.0,30.5,284.0,15.399999999999999,2
2014,1,BAGLUNG,306.79999999999995,58.0,283.5,19.9,2
2014,1,BAJURA,305.95,46.5,288.05,17.7,2
2014,1,CHITAWAN,307.74545454545455,57.63636363636363,292.93636363636364,184.8,11
2014,1,DAILEKH,307.1,61.0,296.1,12.0,1
2014,1,DARCHULA,307.3333333333333,49.666666666666664,290.59999999999997,33.2,3
2014,1,DHADING,306.1,42.0,290.8,6.4,1
2014,1,DHANUSHA,308.1,63.0,295.8,6.7,1
2014,1,DOLPA,306.7,39.0,289.95,39.699999999999996,4
2014,1,GORKHA,308.5692307692308,51.38461538461539,288.8769230769231,286.90000000000003,13
2014,1,HUMLA,325.51666666666665,71.83333333333333,277.06666666666666,421.0,6
2014,1,ILAM,305.6,15.0,293.7,3.9,1
2014,1,JAJARKOT,307.2,39.5,293.5,17.6,2
2014,1,KAPILBASTU,307.3666666666667,61.666666666666664,294.23333333333335,27.599999999999998,3
2014,1,KASKI,306.54999999999995,42.5,289.6,39.0,2
2014,1,LAMJUNG,322.2583333333333,68.75,288.65833333333336,444.4,12
2014,1,MAKAWANPUR,307.79999999999995,45.0,293.05,14.9,2
2014,1,MUGU,304.2,41.0,287.40000000000003,70.0,3
2014,1,RAUTAHAT,307.3,62.0,296.4,5.0,1
2014,1,RUKUM,309.8142857142857,51.42857142857143,294.25714285714287,93.89999999999999,7
2014,1,SANKHUWASABHA,315.56,65.2,288.68,96.8,5
2014,1,SAPTARI,317.55,61.25,300.025,47.6,4
2014,1,SARLAHI,302.0,48.0,291.9,3.1,1
2014,1,SINDHUPALCHOK,315.59999999999997,72.33333333333333,294.0333333333333,53.2,3
2014,1,SOLUKHUMBU,314.5333333333333,58.0,291.0333333333333,187.7,3
2014,1,SUNSARI,321.65,57.75,297.275,75.9,4
2014,1,TANAHU,306.6,64.0,294.5,12.0,1
2014,1,TAPLEJUNG,332.65,78.0,287.35,161.2,2
2014,2,BAITADI,306.7,64.0,288.7,6.0,1
2014,2,BAJHANG,302.5,44.5,289.6,58.5,2
2014,2,BAJURA,314.86,57.4,294.6,303.1,5
2014,2,BARDIYA,304.2,51.666666666666664,289.0333333333333,17.8,3
2014,2,BHOJPUR,312.0,49.0,297.9,6.1,1
2014,2,CHITAWAN,321.6727272727273,66.72727272727273,297.4318181818182,668.1,22
2014,2,DHADING,318.7,77.0,288.4,34.6,1
2014,2,DOLAKHA,309.5,57.0,291.7,7.5,1
2014,2,DOLPA,325.05,70.0,297.3,42.900000000000006,2
2014,2,GORKHA,314.94444444444446,62.55555555555556,290.8666666666667,261.7,9
2014,2,HUMLA,301.6,31.0,287.7,7.1,1
2014,2,JAJARKOT,302.9,54.0,286.3,6.6,1
2014,2,JUMLA,314.3,70.0,282.6,15.4,1
2014,2,KALIKOT,302.8,26.0,291.4,5.8,1
2014,2,KANCHANPUR,316.7692307692308,72.07692307692308,294.7153846153846,280.2,13
2014,2,KASKI,311.5,57.5,290.45,56.1,2
2014,2,LAMJUNG,310.04,52.4,288.2,98.1,5
2014,2,MAKAWANPUR,302.25,31.0,288.85,21.9,2
2014,2,MYAGDI,306.75714285714287,53.0,287.5571428571429,148.8,7
2014,2,PARSA,326.5,80.0,285.7,25.0,1
2014,2,RASUWA,308.1,42.0,295.9,11.1,1
2014,2,RUKUM,307.375,49.5,292.85,170.1,4
2014,2,SANKHUWASABHA,309.6,51.6,289.0,122.0,5
2014,2,SINDHUPALCHOK,312.25714285714287,60.714285714285715,288.9857142857143,232.8,7
2014,2,SOLUKHUMBU,303.2,41.0,292.6,10.1,1
2014,2,TAPLEJUNG,312.175,61.833333333333336,284.7,459.1,12
2014,2,TERHATHUM,357.93333333333334,94.33333333333333,305.1333333333333,367.6,3
2014,2,UDAYAPUR,300.2,10.0,280.5,3.4,1
2014,3,BAITADI,318.7,47.0,304.4,8.5,1
2014,3,BAJHANG,309.3,53.0,292.9,9.1,1
2014,3,BAJURA,308.70000000000005,40.0,294.45,14.4,2
2014,3,BARA,320.84,56.08,302.70399999999995,354.2,25
2014,3,BARDIYA,318.67777777777775,66.77777777777777,301.68888888888887,107.8,9
2014,3,BHOJPUR,317.0,63.714285714285715,299.6714285714285,83.7,7
2014,3,CHITAWAN,330.6064516129032,68.90322580645162,302.9032258064516,3085.1,62
2014,3,DANG,318.0,52.857142857142854,304.0285714285714,65.4,7
2014,3,DHADING,315.15,49.5,297.65,33.0,2
2014,3,DHANKUTA,317.9125,70.25,301.1625,119.8,8
2014,3,DHANUSHA,315.2125,61.75,300.475,73.5,8
2014,3,DOLAKHA,306.3,56.0,278.3,20.5,1
2014,3,GORKHA,310.6,43.0,296.6,5.2,1
2014,3,ILAM,319.8333333333333,58.666666666666664,303.43333333333334,41.5,3
2014,3,JAJARKOT,317.975,55.0,300.4,44.1,4
2014,3,JHAPA,317.1,43.0,301.7,6.3,1
2014,3,KALIKOT,301.1,38.0,290.6,5.8,1
2014,3,KANCHANPUR,319.65000000000003,72.16666666666667,297.53333333333336,78.6,6
2014,3,KAPILBASTU,320.65999999999997,69.4,305.21999999999997,76.0,5
2014,3,KHOTANG,318.76666666666665,44.0,302.1666666666667,50.300000000000004,3
2014,3,LAMJUNG,320.4,76.0,297.65,41.7,2
2014,3,MAHOTTARI,317.2368421052632,52.578947368421055,300.4526315789474,253.70000000000002,19
2014,3,MAKAWANPUR,320.5222222222222,59.0,300.17777777777775,196.6,9
2014,3,MORANG,318.6,48.5,304.35,17.5,2
2014,3,MYAGDI,312.14,58.6,292.41999999999996,61.4,5
2014,3,NAWALPARASI,318.26666666666665,56.5,303.3,87.30000000000001,6
2014,3,PANCHTHAR,315.0,56.714285714285715,297.62857142857143,280.5,14
2014,3,PARSA,325.63650793650794,64.7936507936508,304.484126984127,2025.5,63
2014,3,RASUWA,307.8,57.0,280.2,19.2,1
2014,3,RAUTAHAT,323.5842105263158,61.473684210526315,302.14736842105265,428.9,19
2014,3,ROLPA,313.0,30.0,299.1,11.2,1
2014,3,RUKUM,314.93333333333334,63.333333333333336,300.2333333333333,114.0,3
2014,3,SANKHUWASABHA,307.1,52.0,293.15,53.0,2
2014,3,SAPTARI,318.39090909090913,63.81818181818182,302.5,147.6,11
2014,3,SARLAHI,323.44705882352946,60.0,305.0764705882353,248.6,17
2014,3,SINDHULI,318.24,59.6,304.4,87.69999999999999,5
2014,3,SIRAHA,320.43333333333334,53.666666666666664,302.56666666666666,41.4,3
2014,3,SOLUKHUMBU,303.9,30.0,289.9,5.8,1
2014,3,SUNSARI,314.5,60.6,298.43999999999994,53.4,5
2014,3,SURKHET,321.1666666666667,57.666666666666664,300.1333333333333,40.7,3
2014,3,SYANGJA,325.8,72.5,308.55,34.7,2
2014,3,TANAHU,317.15,64.5,296.3,17.200000000000003,2
2014,3,TAPLEJUNG,313.8833333333333,53.833333333333336,293.75,228.0,6
2014,3,TERHATHUM,317.225,62.0,297.1625,220.2,8
2014,3,UDAYAPUR,318.2390243902439,58.19512195121951,302.84878048780485,564.1,41
2014,4,ACHHAM,318.5090909090909,58.0,302.08181818181816,139.7,11
2014,4,ARGHAKHANCHI,311.8565217391304,52.82608695652174,297.504347826087,189.9,23
2014,4,BAGLUNG,326.8,69.0,306.65,31.9,2
2014,4,BAITADI,322.8,58.0,306.7,9.3,1
2014,4,BAJHANG,317.2,58.0,298.8333333333333,90.1,3
2014,4,BAJURA,314.7,49.0,300.9,12.9,1
2014,4,BANKE,321.20917431192663,59.28440366972477,305.38715596330275,1362.7,109
2014,4,BARA,323.8961538461538,57.57692307692308,307.1,361.4,26
2014,4,BARDIYA,322.18225806451613,62.935483870967744,306.9548387096774,832.8,62
2014,4,BHOJPUR,319.5225806451613,61.54838709677419,301.33870967741933,536.1,31
2014,4,CHITAWAN,321.383185840708,60.256637168141594,303.41327433628317,1880.0,113
2014,4,DADELDHURA,315.2857142857143,48.714285714285715,302.2857142857143,78.7,7
2014,4,DAILEKH,316.3181818181818,60.54545454545455,300.58181818181816,151.1,11
2014,4,DANG,318.74271844660194,63.49514563106796,303.073786407767,1207.0,103
2014,4,DARCHULA,317.15,48.5,301.0,21.0,2
2014,4,DHADING,317.6666666666667,54.857142857142854,300.18571428571425,213.6,21
2014,4,DHANKUTA,319.8314285714286,60.4,302.81142857142856,540.5,35
2014,4,DHANUSHA,324.44444444444446,60.888888888888886,308.2111111111111,109.5,9
2014,4,DOLAKHA,319.21666666666664,64.0,300.02500000000003,171.7,12
2014,4,DOTI,317.1363636363636,56.31818181818182,300.9909090909091,434.0,22
2014,4,GORKHA,318.7625,64.25,301.35,104.7,8
2014,4,GULMI,310.3,57.5,292.84999999999997,214.4,12
2014,4,HUMLA,310.9,37.5,296.15,21.7,2
2014,4,ILAM,314.4,59.86666666666667,299.52666666666664,138.6,15
2014,4,JAJARKOT,316.35,49.75,299.375,44.5,4
2014,4,JHAPA,323.23333333333335,75.66666666666667,303.6333333333333,63.199999999999996,3
2014,4,KABHREPALANCHOK,323.15,63.0,303.15,31.5,2
2014,4,KAILALI,324.4478260869565,57.82608695652174,306.31304347826085,352.5,23
2014,4,KALIKOT,320.0,32.0,300.0,22.6,1
2014,4,KANCHANPUR,324.9830508474576,62.33898305084746,305.7389830508474,1365.4,59
2014,4,KAPILBASTU,320.5590909090909,63.40909090909091,304.8181818181818,871.3,66
2014,4,KASKI,306.425,45.0,293.625,30.9,4
2014,4,KHOTANG,316.865625,58.03125,300.90625,464.6,32
2014,4,LALITPUR,317.85,48.75,301.3,36.5,4
2014,4,LAMJUNG,311.9,26.0,298.7,10.6,1
2014,4,MAHOTTARI,320.975,62.375,305.1625,81.5,8
2014,4,MAKAWANPUR,317.9702380952381,56.892857142857146,300.6309523809524,1567.0,84
2014,4,MORANG,320.94375,64.75,303.58125,227.7,16
2014,4,MYAGDI,327.2,48.0,307.6,17.0,1
2014,4,NAWALPARASI,319.98219178082195,52.67123287671233,303.23972602739724,952.3,73
2014,4,NUWAKOT,321.6333333333334,64.66666666666667,303.23333333333335,34.7,3
2014,4,OKHALDHUNGA,317.75142857142856,63.82857142857143,298.7371428571428,757.4,35
2014,4,PALPA,318.9294117647059,49.294117647058826,302.41764705882355,293.6,17
2014,4,PANCHTHAR,318.1432432432432,62.4054054054054,298.4783783783784,676.2,37
2014,4,PARSA,324.74666666666667,60.75555555555555,306.9311111111111,1333.1,90
2014,4,PYUTHAN,316.5,63.09090909090909,299.51363636363635,325.0,22
2014,4,RAMECHHAP,313.35,66.0,298.35,30.2,2
2014,4,RASUWA,330.95714285714286,79.14285714285714,300.3142857142857,295.40000000000003,7
2014,4,RAUTAHAT,323.89375,54.375,309.08125,165.0,16
2014,4,RUKUM,319.48,59.2,299.28000000000003,120.19999999999999,5
2014,4,RUPANDEHI,319.01666666666665,54.833333333333336,302.8777777777778,190.9,18
2014,4,SALYAN,319.5,61.63157894736842,301.8666666666667,1189.0,57
2014,4,SANKHUWASABHA,315.9875,48.625,294.775,175.1,8
2014,4,SAPTARI,328.06000000000006,66.2,310.04,56.8,5
2014,4,SARLAHI,321.355,61.65,306.235,199.1,20
2014,4,SINDHULI,317.7666666666667,55.574074074074076,301.2574074074074,685.0,54
2014,4,SIRAHA,323.85,39.5,310.15,15.5,2
2014,4,SUNSARI,326.60909090909087,58.81818181818182,306.3363636363636,195.1,11
2014,4,SURKHET,321.45762711864404,65.05084745762711,303.3186440677966,1015.3,59
2014,4,SYANGJA,324.34999999999997,62.714285714285715,303.4357142857143,275.90000000000003,14
2014,4,TANAHU,318.8375,56.675,303.51,435.9,40
2014,4,TAPLEJUNG,330.03333333333336,74.44444444444444,295.3666666666667,571.9,9
2014,4,TERHATHUM,326.02000000000004,74.86666666666666,301.44666666666666,716.3000000000001,15
2014,4,UDAYAPUR,319.43529411764706,60.254901960784316,302.6392156862745,669.5,51
2014,5,ACHHAM,322.06486486486483,68.29729729729729,302.9162162162162,615.8,37
2014,5,ARGHAKHANCHI,320.2142857142857,68.57142857142857,301.4238095238095,477.7,21
2014,5,BAGLUNG,314.12,77.4,293.6,100.80000000000001,5
2014,5,BAITADI,318.05625,53.1875,303.275,226.4,16
2014,5,BAJHANG,320.3,45.0,304.35,29.4,2
2014,5,BAJURA,317.25454545454545,53.45454545454545,298.9636363636364,198.7,11
2014,5,BANKE,326.56981132075475,65.0754716981132,308.4132075471698,846.6,53
2014,5,BARDIYA,325.0772727272727,65.06060606060606,306.839393939394,2067.8,132
2014,5,BHOJPUR,311.8,53.0,295.4,22.9,2
2014,5,DADELDHURA,319.2560975609756,59.02439024390244,303.94146341463414,409.2,41
2014,5,DAILEKH,315.768,57.92,298.432,551.1,25
2014,5,DANG,320.27407407407406,66.88888888888889,304.56666666666666,309.9,27
2014,5,DHADING,322.46666666666664,58.333333333333336,305.46666666666664,41.6,3
2014,5,DOLAKHA,326.93333333333334,60.666666666666664,305.8,136.1,6
2014,5,DOTI,321.0377358490566,61.509433962264154,302.75471698113205,786.7,53
2014,5,GORKHA,323.425,68.25,305.525,44.5,4
2014,5,GULMI,315.22,69.46666666666667,296.84000000000003,243.6,15
2014,5,HUMLA,321.5,65.0,299.6,13.3,1
2014,5,ILAM,319.7,56.0,303.7,6.5,1
2014,5,JAJARKOT,317.40833333333336,56.416666666666664,300.5916666666667,188.3,12
2014,5,KABHREPALANCHOK,329.1333333333333,73.33333333333333,310.90000000000003,35.6,3
2014,5,KAILALI,324.1435294117647,60.023529411764706,306.74,1302.5,85
2014,5,KALIKOT,325.3,71.0,300.2,19.5,1
2014,5,KANCHANPUR,323.05357142857144,61.67857142857143,305.5464285714285,361.8,28
2014,5,KATHMANDU,320.7,33.0,306.6,7.7,1
2014,5,KHOTANG,316.0,58.666666666666664,299.06666666666666,113.6,6
2014,5,MAHOTTARI,337.0,79.0,316.3,17.7,1
2014,5,MAKAWANPUR,309.26666666666665,62.0,295.40000000000003,31.299999999999997,3
2014,5,NAWALPARASI,330.425,66.5,309.3,76.6,4
2014,5,NUWAKOT,321.725,73.75,302.375,68.2,4
2014,5,OKHALDHUNGA,334.3666666666666,81.0,309.3666666666666,62.0,3
2014,5,PALPA,318.3,67.85714285714286,298.0571428571429,294.8,7
2014,5,PANCHTHAR,320.9647058823529,64.6470588235294,300.1294117647059,468.4,17
2014,5,PYUTHAN,315.95,63.81818181818182,297.41136363636366,820.4,44
2014,5,RAMECHHAP,337.5571428571429,76.85714285714286,310.04285714285714,245.6,7
2014,5,RASUWA,325.4,78.5,298.825,89.8,4
2014,5,RUKUM,316.90714285714284,53.5,300.0857142857143,321.0,14
2014,5,RUPANDEHI,313.08000000000004,66.8,298.6,49.5,5
2014,5,SALYAN,322.9198113207547,65.04716981132076,303.4792452830189,2247.0,106
2014,5,SINDHULI,319.5571428571429,66.28571428571429,299.9142857142857,94.6,7
2014,5,SINDHUPALCHOK,327.95,76.0,309.8,26.9,2
2014,5,SOLUKHUMBU,324.15,71.5,304.35,20.3,2
2014,5,SURKHET,322.565,65.975,304.2558333333333,2234.6,120
2014,5,SYANGJA,329.54999999999995,53.5,303.45000000000005,32.5,2
2014,5,TANAHU,321.1,50.5,305.45,19.1,2
2014,5,UDAYAPUR,320.21666666666664,74.83333333333333,302.4166666666667,69.8,6
2014,6,BAITADI,324.3,65.5,304.5,28.4,2
2014,6,BAJHANG,316.82,40.0,299.58000000000004,57.4,5
2014,6,DADELDHURA,316.96,63.6,300.3,53.8,5
2014,6,DAILEKH,315.4,49.0,298.3,19.6,2
2014,6,DOTI,318.65,52.25,303.475,27.4,4
2014,6,JAJARKOT,325.0,62.2,305.65999999999997,64.4,5
2014,6,KANCHANPUR,334.54999999999995,79.0,305.79999999999995,89.4,2
2014,6,MUGU,329.05,61.5,301.0,61.7,2
2014,6,RASUWA,320.55,62.0,297.8,34.900000000000006,2
2014,6,RUKUM,315.2444444444444,59.22222222222222,296.2555555555556,132.5,9
2014,6,SURKHET,321.2,55.0,302.2,8.5,1
2014,8,DADELDHURA,317.8,46.0,300.8,7.7,1
2014,9,MUGU,329.6,62.0,298.7,32.0,1
2014,10,BARDIYA,315.5,48.0,300.4,7.5,1
2014,10,KABHREPALANCHOK,300.9,19.0,288.4,8.3,1
2014,11,ACHHAM,308.4,59.0,288.4,19.0,2
2014,11,BAJHANG,308.21999999999997,45.8,287.79,162.9,10
2014,11,BAJURA,306.9,60.0,291.4,15.4,1
2014,11,BARDIYA,312.7,66.0,300.8,6.0,1
2014,11,DHADING,307.8,54.0,292.5,17.5,1
2014,11,DOLPA,321.9,62.714285714285715,292.3285714285714,352.6,7
2014,11,HUMLA,324.0,70.0,297.6,26.3,1
2014,11,JAJARKOT,316.0,61.75,290.625,71.4,4
2014,11,JUMLA,311.26666666666665,50.0,290.55,73.1,6
2014,11,KALIKOT,307.0,56.0,292.75,17.9,2
2014,11,KANCHANPUR,322.53333333333336,70.33333333333333,298.3666666666667,243.79999999999998,6
2014,11,MUGU,301.4,35.0,283.5,13.7,1
2014,11,MYAGDI,302.6,27.5,283.85,45.9,2
2014,11,PARSA,308.75,56.833333333333336,296.6666666666667,29.8,6
2014,11,RUKUM,308.6166666666667,40.666666666666664,291.71666666666664,158.6,6
2014,11,RUPANDEHI,311.3,63.5,298.45000000000005,12.2,2
2014,11,SOLUKHUMBU,301.1,17.0,287.9,4.0,1
2014,11,TAPLEJUNG,300.1,9.0,283.6,4.5,1
2014,11,TERHATHUM,309.0,64.0,296.0,6.1,1
2014,12,BAGLUNG,308.0,60.0,291.6,10.4,1
2014,12,BAJHANG,310.325,59.5,285.2,68.9,4
2014,12,BAJURA,309.6666666666667,49.833333333333336,290.1166666666667,83.6,6
2014,12,BHOJPUR,305.2,51.0,286.3,28.6,1
2014,12,DARCHULA,304.5,58.0,285.65,15.7,2
2014,12,DHADING,305.2,61.0,293.7,9.7,1
2014,12,DOLPA,308.95000000000005,50.0,288.85,72.1,2
2014,12,GORKHA,309.2,55.0,293.3,10.9,1
2014,12,HUMLA,318.06666666666666,70.0,289.48333333333335,133.2,6
2014,12,JAJARKOT,307.0,50.333333333333336,290.3,27.9,3
2014,12,KALIKOT,311.85714285714283,55.714285714285715,285.9428571428571,115.5,7
2014,12,KANCHANPUR,312.01666666666665,55.0,289.81666666666666,107.10000000000001,6
2014,12,KASKI,313.2,67.5,294.7,25.9,2
2014,12,LAMJUNG,312.63,54.5,288.18,371.6,10
2014,12,MORANG,308.3,58.0,295.2,7.6,1
2014,12,MUGU,326.7444444444444,74.66666666666667,290.1222222222222,901.0,9
2014,12,MYAGDI,307.575,41.25,293.8,35.9,4
2014,12,PARSA,309.8,55.0,296.3,6.7,1
2014,12,RASUWA,317.18,75.0,293.56,239.10000000000002,5
2014,12,RUKUM,313.9375,62.125,289.8,136.4,8
2014,12,SANKHUWASABHA,303.6,39.0,286.05,20.799999999999997,2
2014,12,SAPTARI,312.0,58.0,296.2,18.9,2
2014,12,SOLUKHUMBU,305.6,54.0,285.5,11.3,1
2015,1,BAJHANG,301.05,32.0,285.70000000000005,13.4,2
2015,1,BAJURA,325.4,77.0,290.25,45.8,2
2015,1,CHITAWAN,307.2,61.375,292.75,149.3,8
2015,1,DHANKUTA,301.6,34.0,290.5,10.4,1
2015,1,GORKHA,307.8333333333333,54.666666666666664,289.7,29.7,3
2015,1,HUMLA,316.7,37.0,296.5,23.1,1
2015,1,JHAPA,308.5,67.0,295.0,13.2,1
2015,1,KANCHANPUR,304.4,59.0,292.9,5.9,1
2015,1,KAPILBASTU,307.2,64.0,295.55,14.7,2
2015,1,KASKI,301.8,19.0,287.5,6.5,1
2015,1,LAMJUNG,302.0,39.0,283.3,6.8,1
2015,1,MORANG,310.2,69.0,293.1,15.4,1
2015,1,MUSTANG,301.6,23.0,285.45000000000005,15.0,2
2015,1,PALPA,300.3,35.0,289.1,5.3,1
2015,1,PANCHTHAR,309.6666666666667,57.0,293.0333333333333,39.0,3
2015,1,PYUTHAN,304.2,53.5,292.0,33.0,2
2015,1,RUKUM,307.95000000000005,34.0,291.4,19.3,2
2015,1,SAPTARI,333.7,83.0,275.25,149.3,4
2015,1,SARLAHI,301.4,47.0,278.1,4.7,1
2015,1,SINDHUPALCHOK,311.65,71.5,279.75,134.5,2
2015,1,TAPLEJUNG,307.8666666666667,41.666666666666664,286.8,34.8,3
2015,2,BAJHANG,317.45,72.0,293.15,35.3,2
2015,2,BAJURA,308.1,55.0,291.1,8.4,1
2015,2,BARA,309.6333333333334,59.666666666666664,294.09999999999997,25.4,3
2015,2,CHITAWAN,311.425,57.125,293.775,288.4,16
2015,2,DARCHULA,312.6,70.0,290.6,14.5,1
2015,2,DOLPA,307.8,48.0,288.45000000000005,22.5,2
2015,2,HUMLA,314.9,66.0,300.7,11.9,1
2015,2,JAJARKOT,315.96666666666664,66.33333333333333,294.56666666666666,45.8,3
2015,2,JHAPA,318.4,71.5,304.04999999999995,18.9,2
2015,2,KANCHANPUR,319.02727272727276,71.9090909090909,295.4909090909091,255.0,11
2015,2,KHOTANG,315.0,69.0,302.9,8.3,1
2015,2,LALITPUR,304.6,59.0,290.3,7.1,1
2015,2,LAMJUNG,305.4,22.0,291.4,7.0,1
2015,2,MAHOTTARI,309.04999999999995,48.5,296.65,25.1,2
2015,2,MAKAWANPUR,307.6,51.0,287.4,45.6,1
2015,2,MORANG,309.9,62.0,295.0,7.3,1
2015,2,MYAGDI,311.5,54.666666666666664,294.7,56.8,3
2015,2,PARSA,320.2,76.0,303.2,12.1,1
2015,2,PYUTHAN,308.4,49.0,294.5,5.0,1
2015,2,RUKUM,305.9,17.0,294.3,10.1,1
2015,2,SALYAN,311.7,66.0,297.7,6.9,1
2015,2,SANKHUWASABHA,315.3,61.25,285.575,295.3,4
2015,2,SAPTARI,314.6,68.0,303.1,6.7,1
2015,2,SOLUKHUMBU,300.5,23.0,290.0,6.4,1
2015,2,SUNSARI,305.4,41.0,287.2,5.6,1
2015,2,TAPLEJUNG,304.4666666666667,40.0,288.56666666666666,19.3,3
2015,2,TERHATHUM,313.625,51.0,298.0,120.3,4
2015,3,ARGHAKHANCHI,319.1,74.0,295.4,24.0,1
2015,3,BAGLUNG,306.9,49.0,295.0,6.7,1
2015,3,BAJURA,306.3,39.5,289.45000000000005,53.4,2
2015,3,BARA,312.8,56.666666666666664,299.76666666666665,19.4,3
2015,3,BHOJPUR,322.6666666666667,66.83333333333333,303.56666666666666,77.7,6
2015,3,CHITAWAN,318.93225806451613,65.03225806451613,298.30645161290323,786.9,31
2015,3,DANG,312.65,65.5,298.25,24.2,2
2015,3,DHANUSHA,323.2714285714286,69.14285714285714,300.5285714285714,137.9,7
2015,3,JAJARKOT,316.2,45.0,296.5,13.8,1
2015,3,JHAPA,320.6,56.0,300.4,17.6,1
2015,3,KANCHANPUR,330.725,76.5625,298.51875,1094.9,16
2015,3,KHOTANG,319.0,46.0,303.1,6.3,1
2015,3,MORANG,315.93333333333334,71.33333333333333,296.73333333333335,42.7,3
2015,3,MYAGDI,306.5,44.0,295.5,14.0,2
2015,3,NAWALPARASI,314.6,57.0,301.8,9.0,1
2015,3,PALPA,314.7,60.0,299.7,8.5,1
2015,3,PANCHTHAR,326.225,79.0,303.75,71.6,4
2015,3,PARSA,320.85,65.25,301.25,80.69999999999999,4
2015,3,RAUTAHAT,320.12,62.4,301.88,59.3,5
2015,3,SALYAN,300.4,26.0,286.9,3.1,1
2015,3,SANKHUWASABHA,326.61428571428576,73.28571428571429,294.2285714285714,233.5,7
2015,3,SAPTARI,325.55,76.0,302.325,85.1,4
2015,3,SUNSARI,319.05,59.166666666666664,300.6666666666667,102.3,6
2015,3,TAPLEJUNG,315.2916666666667,63.416666666666664,295.34999999999997,386.0,12
2015,3,TERHATHUM,323.18333333333334,67.66666666666667,305.3,72.8,6
2015,3,UDAYAPUR,320.75,54.625,303.075,70.8,8
2015,4,BAJURA,304.8,22.0,290.7,4.6,1
2015,4,BANKE,323.4,68.0,300.5,13.0,1
2015,4,BARA,326.35714285714283,67.42857142857143,305.6642857142857,337.0,14
2015,4,BARDIYA,328.8,73.0,305.0,18.7,1
2015,4,BHOJPUR,321.1,46.5,302.85,35.9,2
2015,4,CHITAWAN,317.87142857142857,56.142857142857146,298.0857142857143,122.0,7
2015,4,DANG,318.25,61.0,304.58,103.3,10
2015,4,DHANKUTA,319.96666666666664,73.66666666666667,295.23333333333335,46.5,3
2015,4,KAILALI,329.2,79.0,305.1,12.3,1
2015,4,KHOTANG,322.7,66.0,307.3,13.3,1
2015,4,LAMJUNG,315.0,44.0,297.9,8.6,1
2015,4,MAHOTTARI,325.2,69.0,308.4,19.6,1
2015,4,MAKAWANPUR,304.9,62.0,292.8,6.9,1
2015,4,MORANG,318.0,34.0,304.4,8.9,1
2015,4,PALPA,316.3,65.0,299.5,9.2,1
2015,4,PANCHTHAR,308.4,37.0,292.6,6.1,1
2015,4,PARSA,325.99310344827586,64.55172413793103,303.151724137931,932.5,29
2015,4,RAUTAHAT,321.7611111111111,69.38888888888889,302.68888888888887,390.9,18
2015,4,SARLAHI,320.3,62.0,305.1,25.5,1
2015,4,SINDHULI,326.85,71.0,308.05,40.8,2
2015,4,SIRAHA,323.2,45.0,307.9,11.6,1
2015,4,SUNSARI,325.7,71.0,304.5,22.9,1
2015,4,UDAYAPUR,315.14285714285717,61.142857142857146,298.5571428571429,83.5,7
2015,5,BANKE,322.0307692307692,53.07692307692308,304.73846153846154,244.5,13
2015,5,BARA,323.4,55.0,308.75,22.6,2
2015,5,BARDIYA,321.11538461538464,60.80769230769231,305.6038461538461,276.8,26
2015,5,CHITAWAN,321.52,52.0,302.32000000000005,53.8,5
2015,5,DADELDHURA,318.0642857142857,64.5,301.29285714285714,285.3,14
2015,5,DAILEKH,321.9,60.0,306.4,9.3,1
2015,5,DANG,325.125,63.0,307.9,105.5,8
2015,5,DHADING,319.1,42.0,303.8,9.1,1
2015,5,DHANKUTA,327.0,76.0,306.2,9.6,1
2015,5,DOLAKHA,309.35,65.0,290.9,21.6,2
2015,5,DOTI,316.8933333333333,62.333333333333336,300.7133333333333,165.3,15
2015,5,HUMLA,317.75,63.0,291.95,150.0,2
2015,5,JAJARKOT,312.46666666666664,20.333333333333332,295.03333333333336,26.8,3
2015,5,KAILALI,324.69599999999997,62.2,307.868,304.0,25
2015,5,KANCHANPUR,333.3342857142857,70.88571428571429,307.3,1258.3,35
2015,5,KHOTANG,325.1,69.0,302.2,8.2,1
2015,5,NAWALPARASI,328.225,71.5,303.8,76.9,4
2015,5,NUWAKOT,307.0,70.0,291.5,7.7,1
2015,5,PARSA,325.7,65.8,300.16,81.6,5
2015,5,PYUTHAN,317.625,58.75,301.925,39.1,4
2015,5,SALYAN,317.64285714285717,56.57142857142857,302.9857142857143,82.7,7
2015,5,SANKHUWASABHA,307.4,43.0,288.7,7.1,1
2015,5,SURKHET,323.1642857142857,69.64285714285714,306.4142857142857,202.6,14
2015,5,TAPLEJUNG,316.8333333333333,64.66666666666667,297.0,54.8,3
2015,5,UDAYAPUR,320.2,66.0,296.1,19.3,1
2015,6,ACHHAM,310.35,72.25,296.05,30.4,4
2015,6,ARGHAKHANCHI,317.325,58.0,302.3,38.3,4
2015,6,BAITADI,316.375,50.5,301.95,46.099999999999994,4
2015,6,BAJHANG,326.1,53.0,304.9,50.3,2
2015,6,BAJURA,302.5,49.0,291.7,15.7,1
2015,6,BANKE,320.16111111111115,68.94444444444444,305.65,164.7,18
2015,6,BARA,322.8,68.0,307.7,12.9,1
2015,6,BARDIYA,330.54999999999995,72.69444444444444,310.0388888888889,749.2,36
2015,6,DADELDHURA,318.825,56.5,303.56666666666666,198.1,12
2015,6,DANG,326.2,71.83333333333333,307.26666666666665,123.2,6
2015,6,DARCHULA,304.7,61.0,293.6,6.4,1
2015,6,DHADING,322.65,71.5,304.70000000000005,17.9,2
2015,6,DOLAKHA,326.1,62.0,310.6,20.0,2
2015,6,DOTI,318.3233333333334,57.06666666666667,302.47666666666663,405.2,30
2015,6,GULMI,321.4,68.0,301.6,12.7,1
2015,6,HUMLA,317.3833333333333,61.666666666666664,292.8666666666667,110.7,6
2015,6,JAJARKOT,321.125,66.625,296.925,575.7,8
2015,6,JUMLA,333.65,64.5,298.3,59.3,2
2015,6,KABHREPALANCHOK,326.25,36.5,305.95000000000005,20.2,2
2015,6,KAILALI,320.1823529411765,62.1764705882353,305.11764705882354,186.3,17
2015,6,KANCHANPUR,324.56666666666666,68.66666666666667,305.81904761904764,367.3,21
2015,6,KAPILBASTU,330.3,68.5,313.225,93.1,8
2015,6,MUGU,332.2,72.0,312.1,20.2,1
2015,6,NAWALPARASI,316.6,66.0,295.5,7.1,1
2015,6,NUWAKOT,326.6,77.0,305.7,11.5,1
2015,6,PYUTHAN,324.7,67.0,302.25,143.5,4
2015,6,RAMECHHAP,323.4,75.0,305.7,14.7,1
2015,6,ROLPA,321.9,93.5,290.54999999999995,45.3,2
2015,6,RUKUM,310.82222222222225,57.22222222222222,296.27777777777777,83.4,9
2015,6,SALYAN,318.48,67.6,301.36,63.3,5
2015,6,SINDHULI,306.0,66.0,284.5,6.7,1
2015,6,SURKHET,322.93529411764706,65.0,305.00588235294117,229.4,17
2015,7,BANKE,310.8,28.0,289.2,7.9,1
2015,9,BHAKTAPUR,311.2,19.0,296.6,5.9,1
2015,9,KAILALI,314.9,65.0,300.8,6.8,1
2015,9,KANCHANPUR,315.75,47.0,298.54999999999995,18.0,2
2015,10,BARA,311.59999999999997,42.666666666666664,298.3,25.8,3
2015,10,BHOJPUR,328.9,63.0,308.0,21.4,1
2015,10,KANCHANPUR,330.7,83.0,302.4,33.5,1
2015,10,MUGU,334.7,88.0,292.7,162.6,2
2015,10,SANKHUWASABHA,302.2,20.0,287.8,4.3,1
2015,11,BAGLUNG,310.8,61.0,291.4,11.9,1
2015,11,BAJHANG,309.98333333333335,58.833333333333336,292.0,129.0,6
2015,11,BARDIYA,312.65,66.0,294.0,73.2,2
2015,11,CHITAWAN,304.4,40.0,290.4,5.0,1
2015,11,DOLAKHA,303.26666666666665,25.0,290.1666666666667,20.5,3
2015,11,DOLPA,315.06666666666666,52.166666666666664,290.56666666666666,133.2,6
2015,11,DOTI,314.2,70.0,298.1,9.3,1
2015,11,GORKHA,310.5,49.5,293.3,22.799999999999997,2
2015,11,HUMLA,320.53333333333336,69.66666666666667,285.77500000000003,521.7,12
2015,11,KALIKOT,328.6,85.0,294.6,53.3,1
2015,11,KAPILBASTU,312.7,60.333333333333336,299.03333333333336,22.6,3
2015,11,MUGU,334.025,65.0,299.275,271.9,4
2015,11,MUSTANG,302.7,22.0,286.1,13.9,2
2015,11,NAWALPARASI,321.7,77.0,299.3,18.9,1
2015,11,RAUTAHAT,314.8,51.0,297.5,9.8,1
2015,11,RUKUM,306.05,48.5,285.20000000000005,22.1,2
2015,11,RUPANDEHI,312.2,70.0,296.2,8.9,1
2015,12,ACHHAM,311.6,72.0,290.4,10.0,1
2015,12,BAITADI,306.4,63.0,295.1,7.5,1
2015,12,BAJHANG,307.36153846153843,52.38461538461539,287.7153846153846,200.1,13
2015,12,BAJURA,314.2,68.4,287.21999999999997,82.1,5
2015,12,BARDIYA,321.6,81.0,292.0,33.8,1
2015,12,CHITAWAN,305.1625,51.375,292.775,91.4,8
2015,12,DAILEKH,304.59999999999997,48.0,290.6333333333333,26.2,3
2015,12,DARCHULA,312.40000000000003,50.333333333333336,285.06666666666666,105.1,3
2015,12,DHADING,314.725,68.25,291.375,67.60000000000001,4
2015,12,DHANUSHA,311.15,68.5,297.1,13.0,2
2015,12,DOLPA,307.9764705882353,48.705882352941174,285.25882352941176,239.3,17
2015,12,DOTI,304.7,59.0,292.2,8.2,1
2015,12,GORKHA,317.9266666666666,65.13333333333334,289.4933333333333,521.2,15
2015,12,HUMLA,309.7409090909091,47.22727272727273,284.67727272727274,457.4,22
2015,12,ILAM,304.0,54.0,290.5,13.8,1
2015,12,JAJARKOT,307.01666666666665,38.833333333333336,290.98333333333335,92.9,6
2015,12,JUMLA,307.825,46.75,293.2,85.4,4
2015,12,KAILALI,306.2,63.0,294.3,6.5,1
2015,12,KALIKOT,318.4642857142857,59.642857142857146,290.65714285714284,700.3,14
2015,12,KANCHANPUR,309.8333333333333,63.166666666666664,291.5111111111111,433.2,18
2015,12,KASKI,306.65,50.5,289.95,24.5,2
2015,12,LALITPUR,301.1,31.0,290.5,3.4,1
2015,12,LAMJUNG,311.26666666666665,55.666666666666664,286.3666666666667,66.7,3
2015,12,MAKAWANPUR,309.8,58.0,296.7,6.0,1
2015,12,MUGU,311.93333333333334,49.55555555555556,289.2555555555556,193.7,9
2015,12,MYAGDI,323.5,82.0,282.9,35.2,1
2015,12,NAWALPARASI,307.45,58.75,295.45,28.9,4
2015,12,PARSA,308.18888888888887,53.44444444444444,292.85555555555555,216.7,9
2015,12,RAUTAHAT,315.0,59.0,295.40000000000003,55.4,3
2015,12,RUKUM,312.12380952380954,55.61904761904762,286.2904761904762,538.1,21
2015,12,RUPANDEHI,310.1,67.5,294.79999999999995,29.099999999999998,2
2015,12,SAPTARI,320.43333333333334,73.16666666666667,295.3,285.40000000000003,6
2015,12,SINDHULI,302.5,52.0,289.4,6.1,1
2015,12,SOLUKHUMBU,304.4,45.0,294.4,11.5,1
2015,12,SUNSARI,309.5,52.0,293.0,14.5,1
2016,1,ACHHAM,304.53333333333336,56.333333333333336,290.7,81.0,3
2016,1,BAITADI,314.9,69.0,300.5,10.2,1
2016,1,BAJHANG,306.05454545454546,49.18181818181818,285.4909090909091,227.5,11
2016,1,BAJURA,301.35,27.0,286.15,28.8,2
2016,1,BARA,310.9,67.0,298.6,6.7,1
2016,1,BARDIYA,307.82,53.4,292.6,52.3,5
2016,1,CHITAWAN,307.9,61.0,292.4,73.5,8
2016,1,DARCHULA,304.0,49.0,285.2,9.0,1
2016,1,DOLPA,318.9857142857143,54.857142857142854,284.5142857142857,231.89999999999998,7
2016,1,DOTI,306.09999999999997,40.333333333333336,294.6666666666667,19.8,3
2016,1,GORKHA,310.79999999999995,44.0,284.6,82.9,2
2016,1,HUMLA,324.19375,63.4375,284.15,2036.6000000000001,16
2016,1,JAJARKOT,313.625,63.75,292.7,77.1,4
2016,1,JHAPA,310.1,64.5,296.65,14.3,2
2016,1,JUMLA,307.275,48.5,285.525,61.5,4
2016,1,KAILALI,306.4,63.0,294.0,8.8,1
2016,1,KALIKOT,316.03333333333336,68.0,288.8333333333333,137.5,6
2016,1,KANCHANPUR,311.4111111111111,56.22222222222222,292.8888888888889,186.0,9
2016,1,KAPILBASTU,311.3,71.0,290.6,13.9,1
2016,1,KASKI,302.35,38.0,286.45,13.4,2
2016,1,LAMJUNG,329.8666666666667,80.66666666666667,289.26666666666665,158.6,3
2016,1,MAKAWANPUR,307.5,51.0,293.6,7.8,1
2016,1,MUGU,317.675,61.5,291.675,201.2,4
2016,1,MYAGDI,310.325,54.5,292.375,71.6,4
2016,1,PALPA,305.04999999999995,57.0,293.15,14.2,2
2016,1,PARSA,303.9,49.0,292.9,6.9,1
2016,1,RASUWA,306.4,20.0,292.0,7.1,1
2016,1,ROLPA,311.6,71.0,283.4,16.1,1
2016,1,RUKUM,307.5866666666667,45.666666666666664,289.8,249.2,15
2016,1,RUPANDEHI,310.2,50.0,299.9,6.8,1
2016,1,SALYAN,300.6,33.0,278.4,6.1,1
2016,1,SAPTARI,318.5285714285714,71.14285714285714,297.92857142857144,245.89999999999998,7
2016,1,SARLAHI,307.5,60.0,296.1,11.6,2
2016,1,SUNSARI,312.5,54.5,296.95000000000005,16.6,2
2016,1,UDAYAPUR,316.4,74.0,295.2,45.8,1
2016,2,ACHHAM,311.175,62.0,292.875,39.1,4
2016,2,BAITADI,307.8,47.333333333333336,295.06666666666666,34.7,3
2016,2,BAJHANG,312.59999999999997,60.77272727272727,288.8272727272727,487.5,22
2016,2,BAJURA,310.375,55.5,292.85,161.8,8
2016,2,BARA,309.5,38.0,299.3,5.9,1
2016,2,BARDIYA,311.0166666666667,60.666666666666664,297.75,49.8,6
2016,2,BHOJPUR,312.6,65.0,298.3,26.8,1
2016,2,CHITAWAN,317.8189189189189,58.91891891891892,298.09189189189186,1154.0,37
2016,2,DADELDHURA,312.5,70.5,293.65,26.3,2
2016,2,DAILEKH,306.1,46.0,295.4,4.1,1
2016,2,DANG,311.1090909090909,52.18181818181818,297.52727272727276,123.7,11
2016,2,DARCHULA,322.0625,67.875,291.125,204.4,8
2016,2,DHADING,319.71666666666664,68.16666666666667,298.68333333333334,130.0,6
2016,2,DHANUSHA,315.6,67.0,301.3,10.9,1
2016,2,DOLAKHA,317.95000000000005,69.0,293.55,52.099999999999994,2
2016,2,DOLPA,315.80526315789473,61.68421052631579,288.7368421052632,737.9,19
2016,2,DOTI,306.1,63.0,289.29999999999995,20.2,2
2016,2,GORKHA,311.29,56.7,295.7,138.9,10
2016,2,HUMLA,317.69,65.5,292.35,290.0,10
2016,2,ILAM,312.90000000000003,52.333333333333336,298.8666666666667,22.3,3
2016,2,JAJARKOT,324.29999999999995,78.5,293.725,115.1,4
2016,2,JHAPA,315.6,69.0,298.85,33.2,2
2016,2,JUMLA,316.2,70.0,287.9,21.9,1
2016,2,KABHREPALANCHOK,310.15,51.5,297.55,16.9,2
2016,2,KAILALI,314.6,73.0,298.4,9.2,1
2016,2,KALIKOT,318.0,70.0,292.3833333333333,187.5,6
2016,2,KANCHANPUR,319.63571428571424,72.14285714285714,296.60714285714283,530.3,14
2016,2,KAPILBASTU,313.04999999999995,55.5,299.35,22.900000000000002,2
2016,2,KASKI,308.44,53.4,295.65999999999997,46.3,5
2016,2,KHOTANG,309.3,44.0,292.05,18.9,2
2016,2,LAMJUNG,311.89230769230767,55.15384615384615,292.2230769230769,199.4,13
2016,2,MAHOTTARI,317.58000000000004,69.6,299.96,60.6,5
2016,2,MAKAWANPUR,312.4,72.0,292.6,15.4,1
2016,2,MANANG,327.53333333333336,68.16666666666667,291.2833333333333,251.60000000000002,6
2016,2,MORANG,315.85,68.0,299.9,21.200000000000003,2
2016,2,MUGU,316.5,37.0,300.8,10.9,1
2016,2,MYAGDI,315.2684210526316,60.63157894736842,295.0263157894737,628.1,19
2016,2,NAWALPARASI,310.05,39.5,293.9,14.0,2
2016,2,PALPA,310.8,38.0,292.4,8.5,1
2016,2,PANCHTHAR,314.9,59.0,301.0,12.5,1
2016,2,PARSA,308.6,46.0,297.1,5.6,1
2016,2,RAUTAHAT,310.0,65.0,297.3,6.5,1
2016,2,RUKUM,314.5263157894737,57.21052631578947,288.5473684210526,958.4,19
2016,2,RUPANDEHI,320.9,77.0,299.9,80.0,1
2016,2,SANKHUWASABHA,301.95,30.5,289.55,13.8,2
2016,2,SAPTARI,323.45,72.25,306.025,53.3,4
2016,2,SARLAHI,316.6,65.0,304.8,9.7,1
2016,2,SINDHULI,313.5,49.0,296.8,7.4,1
2016,2,SOLUKHUMBU,308.6,57.0,294.3,18.6,1
2016,2,SURKHET,311.29999999999995,59.5,291.5,19.9,2
2016,2,SYANGJA,311.43333333333334,51.666666666666664,295.96666666666664,24.9,3
2016,2,TANAHU,310.025,59.5,294.7,57.099999999999994,4
2016,2,TAPLEJUNG,309.45,48.666666666666664,290.95,192.1,6
2016,2,TERHATHUM,319.70000000000005,68.5,306.79999999999995,21.0,2
2016,2,UDAYAPUR,318.2,68.0,301.8666666666667,34.2,3
2016,3,ACHHAM,317.1962962962963,58.629629629629626,301.0407407407408,391.6,27
2016,3,ARGHAKHANCHI,319.475,56.875,303.575,79.4,8
2016,3,BAGLUNG,322.40000000000003,64.57142857142857,296.61428571428576,167.6,7
2016,3,BAITADI,313.35,46.5,300.725,57.6,4
2016,3,BAJHANG,318.04285714285714,61.142857142857146,300.2,175.3,7
2016,3,BAJURA,321.3333333333333,57.666666666666664,296.09166666666664,421.5,12
2016,3,BANKE,321.20952380952383,63.95238095238095,304.00476190476195,280.0,21
2016,3,BARA,321.4685714285714,60.542857142857144,302.38,670.4,35
2016,3,BARDIYA,318.2625,57.0,299.6,147.7,8
2016,3,BHOJPUR,318.48,61.9,300.54,105.9,10
2016,3,CHITAWAN,319.25,59.31818181818182,299.4409090909091,3535.5,154
2016,3,DADELDHURA,316.45,53.583333333333336,301.8,205.9,12
2016,3,DAILEKH,320.55,59.25,297.675,122.20000000000002,4
2016,3,DANG,317.6166666666667,58.88333333333333,302.37166666666667,793.1,60
2016,3,DARCHULA,325.65714285714284,71.71428571428571,302.90000000000003,199.2,7
2016,3,DHADING,314.7916666666667,57.888888888888886,297.4861111111111,429.6,36
2016,3,DHANKUTA,317.9375,58.0,300.6875,110.4,8
2016,3,DHANUSHA,319.6434782608696,61.52173913043478,303.6260869565217,252.7,23
2016,3,DOLAKHA,318.90000000000003,62.285714285714285,298.2142857142857,132.0,7
2016,3,DOLPA,320.38571428571424,58.714285714285715,292.54285714285714,396.9,7
2016,3,DOTI,319.3454545454546,62.5,301.7681818181818,390.5,22
2016,3,GORKHA,315.5108108108108,61.027027027027025,298.1054054054054,401.9,37
2016,3,HUMLA,313.25,41.8,291.2,354.5,10
2016,3,ILAM,319.225,58.25,301.125,39.1,4
2016,3,JAJARKOT,312.96666666666664,52.0,295.95,101.3,6
2016,3,JHAPA,320.03125,58.5,302.65625,220.4,16
2016,3,JUMLA,307.5,31.0,288.8,36.0,1
2016,3,KABHREPALANCHOK,326.45384615384614,73.84615384615384,300.9230769230769,340.1,13
2016,3,KAILALI,319.24545454545455,65.0909090909091,302.71818181818185,204.7,11
2016,3,KALIKOT,315.475,51.25,293.15000000000003,53.0,4
2016,3,KANCHANPUR,321.59230769230766,65.92307692307692,302.31538461538463,252.0,13
2016,3,KAPILBASTU,315.40000000000003,54.31818181818182,300.05454545454546,244.6,22
2016,3,KASKI,310.6,43.0,298.3,5.5,1
2016,3,KHOTANG,314.46666666666664,63.111111111111114,298.6222222222222,106.2,9
2016,3,LALITPUR,306.4,36.0,278.0,5.2,1
2016,3,LAMJUNG,312.71999999999997,55.7,297.38,102.2,10
2016,3,MAHOTTARI,316.65,55.27777777777778,301.57222222222225,175.1,18
2016,3,MAKAWANPUR,313.78,50.8,297.3833333333333,596.4,60
2016,3,MORANG,317.82222222222225,50.111111111111114,301.5444444444445,90.3,9
2016,3,MUGU,325.525,60.75,304.4,129.3,4
2016,3,MUSTANG,308.85,60.0,276.475,135.4,4
2016,3,MYAGDI,318.97222222222223,64.66666666666667,295.39444444444445,433.1,18
2016,3,NAWALPARASI,317.16885245901636,57.83606557377049,299.6393442622951,837.2,61
2016,3,NUWAKOT,305.8333333333333,51.0,292.5,18.7,3
2016,3,PALPA,313.25,43.5,294.15,40.6,2
2016,3,PANCHTHAR,324.41999999999996,67.2,302.1,135.3,5
2016,3,PARBAT,368.7,85.6,307.7,882.5999999999999,5
2016,3,PARSA,318.24074074074076,57.916666666666664,300.2055555555556,1633.0,108
2016,3,RAMECHHAP,313.1,66.5,287.85,34.6,2
2016,3,RASUWA,320.7615384615384,59.0,298.0,409.0,13
2016,3,RAUTAHAT,320.29545454545456,63.77272727272727,302.4909090909091,315.7,22
2016,3,RUKUM,323.7214285714286,64.71428571428571,296.17142857142863,792.9,14
2016,3,RUPANDEHI,319.90000000000003,63.5,301.90000000000003,95.9,6
2016,3,SALYAN,317.1545454545454,51.18181818181818,300.1227272727273,264.3,22
2016,3,SANKHUWASABHA,313.54999999999995,49.75,297.725,45.9,4
2016,3,SAPTARI,320.0578947368421,63.21052631578947,301.91052631578947,298.4,19
2016,3,SARLAHI,321.6142857142857,61.19047619047619,302.9190476190476,459.5,21
2016,3,SINDHULI,315.12708333333336,53.645833333333336,300.00416666666666,486.5,48
2016,3,SIRAHA,318.25,65.5,304.21666666666664,43.5,6
2016,3,SOLUKHUMBU,318.6,65.0,287.7,26.8,1
2016,3,SUNSARI,322.75882352941176,62.23529411764706,300.2647058823529,473.5,17
2016,3,SURKHET,315.3181818181818,58.81818181818182,299.9818181818182,141.1,11
2016,3,SYANGJA,315.7,49.333333333333336,301.0,24.2,3
2016,3,TANAHU,317.1913043478261,60.130434782608695,300.66956521739127,259.1,23
2016,3,TAPLEJUNG,312.1666666666667,54.333333333333336,291.34444444444443,218.9,9
2016,3,TERHATHUM,315.4214285714285,57.92857142857143,298.84999999999997,223.9,14
2016,3,UDAYAPUR,317.60408163265305,58.59183673469388,301.8224489795918,677.1,49
2016,4,ACHHAM,318.0611111111111,65.04761904761905,300.2349206349206,2199.4,126
2016,4,ARGHAKHANCHI,317.2967213114754,60.032786885245905,300.6655737704918,2123.1,122
2016,4,BAGLUNG,323.53809523809525,63.666666666666664,299.87142857142857,817.2,21
2016,4,BAITADI,320.8636363636364,60.23376623376623,302.5025974025974,1448.3,77
2016,4,BAJHANG,321.8,56.411764705882355,299.8764705882353,294.9,17
2016,4,BAJURA,320.1117647058823,58.705882352941174,298.2647058823529,356.0,17
2016,4,BANKE,325.51,64.81333333333333,306.6273333333333,6255.3,300
2016,4,BARA,328.39302325581394,68.13953488372093,308.2395348837209,1050.8,43
2016,4,BARDIYA,320.8414285714286,60.042857142857144,303.396,5677.3,350
2016,4,BHAKTAPUR,326.8,78.0,303.2,15.4,1
2016,4,BHOJPUR,319.055,64.0,300.54,270.8,20
2016,4,CHITAWAN,318.4154471544715,64.96747967479675,301.9560975609756,1822.2,123
2016,4,DADELDHURA,317.91749999999996,57.11666666666667,300.5866666666667,3666.2,240
2016,4,DAILEKH,315.1631067961165,61.87378640776699,295.68543689320387,2094.6,103
2016,4,DANG,321.5070621468927,65.48870056497175,304.64322033898304,5738.1,354
2016,4,DARCHULA,323.8434782608696,68.26086956521739,303.73478260869564,508.5,23
2016,4,DHADING,316.71294117647057,59.588235294117645,301.23764705882354,1217.4,85
2016,4,DHANKUTA,320.19375,61.125,303.5375,288.4,16
2016,4,DHANUSHA,331.5285714285714,66.57142857142857,315.4857142857143,116.7,7
2016,4,DOLAKHA,326.70579710144926,68.78260869565217,303.49710144927536,2400.8,69
2016,4,DOLPA,327.80270270270273,68.86486486486487,295.7027027027027,1655.8,37
2016,4,DOTI,316.6568965517242,57.99425287356322,298.6471264367816,3001.7,174
2016,4,GORKHA,316.9078125,63.28125,300.3015625,1194.6,64
2016,4,GULMI,317.8962962962963,64.20370370370371,300.0907407407407,1113.6,54
2016,4,HUMLA,321.3,61.0,297.09999999999997,43.7,3
2016,4,ILAM,318.81538461538463,59.15384615384615,302.9153846153846,134.9,13
2016,4,JAJARKOT,315.368,55.76,296.62,1330.6,75
2016,4,JUMLA,320.7625,54.0,296.8625,177.8,8
2016,4,KABHREPALANCHOK,313.52916666666664,55.25,298.4375,651.1,48
2016,4,KAILALI,321.82164705882354,61.927058823529414,304.44470588235293,7173.4,425
2016,4,KALIKOT,325.67586206896556,67.72413793103448,297.196551724138,1005.5,29
2016,4,KANCHANPUR,325.30204081632655,63.97278911564626,307.647619047619,2663.3,147
2016,4,KAPILBASTU,325.09639639639636,67.0,308.67747747747745,1893.1,111
2016,4,KASKI,308.46,61.8,294.68,37.8,5
2016,4,KATHMANDU,315.1,49.666666666666664,299.6333333333333,29.1,3
2016,4,KHOTANG,316.00714285714287,63.67857142857143,299.1535714285714,370.3,28
2016,4,LALITPUR,316.3125,59.84375,300.09375,560.4,32
2016,4,LAMJUNG,316.2214285714286,64.5,297.5642857142857,264.1,14
2016,4,MAHOTTARI,326.1875,61.75,310.9625,97.7,8
2016,4,MAKAWANPUR,318.354375,62.35625,301.6675,2450.9,160
2016,4,MORANG,321.3363636363636,54.18181818181818,300.6636363636364,148.4,11
2016,4,MUGU,320.21666666666664,66.66666666666667,294.3833333333333,255.4,12
2016,4,MYAGDI,333.19302325581396,67.3953488372093,295.4093023255814,8682.1,43
2016,4,NAWALPARASI,319.8743119266055,62.30275229357798,303.39908256880733,1498.7,109
2016,4,NUWAKOT,317.225,64.625,298.934375,570.9,32
2016,4,OKHALDHUNGA,312.44117647058823,63.88235294117647,294.2529411764706,263.9,17
2016,4,PALPA,321.29375,64.578125,302.2640625,1072.5,64
2016,4,PANCHTHAR,315.84761904761905,63.04761904761905,298.10238095238094,931.9,42
2016,4,PARBAT,323.70909090909095,67.4090909090909,296.42727272727274,1045.6000000000001,22
2016,4,PARSA,324.46190476190475,63.06349206349206,304.73015873015873,1130.8,63
2016,4,PYUTHAN,321.08500000000004,66.46666666666667,301.2238888888889,4510.9,180
2016,4,RAMECHHAP,335.5833333333333,78.75,307.09999999999997,402.7,12
2016,4,RASUWA,320.06111111111113,69.94444444444444,293.09444444444443,851.0,18
2016,4,RAUTAHAT,324.44545454545454,65.54545454545455,308.9818181818182,205.6,11
2016,4,ROLPA,323.05,78.5,291.375,240.20000000000002,4
2016,4,RUKUM,328.64230769230767,66.51282051282051,297.58717948717947,4104.0,78
2016,4,RUPANDEHI,324.3911764705882,68.97058823529412,306.55882352941177,1147.6,68
2016,4,SALYAN,320.11140939597317,59.93288590604027,301.6268456375839,3130.4,149
2016,4,SANKHUWASABHA,317.0642857142857,54.714285714285715,299.0142857142857,257.8,14
2016,4,SAPTARI,304.2,30.0,294.1,4.9,1
2016,4,SARLAHI,321.4,67.08,306.192,343.7,25
2016,4,SINDHULI,316.6518248175183,59.32116788321168,300.5313868613139,2034.1,137
2016,4,SINDHUPALCHOK,322.77777777777777,68.88888888888889,303.6333333333333,375.5,18
2016,4,SIRAHA,329.0857142857143,68.0,315.04285714285714,89.1,7
2016,4,SOLUKHUMBU,322.1,55.90909090909091,301.55454545454546,392.20000000000005,11
2016,4,SURKHET,319.62971175166297,62.35920177383592,302.02971175166294,7752.0,451
2016,4,SYANGJA,317.809375,63.71875,300.928125,498.2,32
2016,4,TANAHU,315.73673469387757,58.57142857142857,301.5163265306122,487.6,49
2016,4,TAPLEJUNG,315.9818181818182,56.09090909090909,297.79090909090905,213.7,11
2016,4,TERHATHUM,319.0375,61.5,302.6875,173.6,8
2016,4,UDAYAPUR,319.962962962963,61.111111111111114,304.6592592592592,706.5,54
2016,5,ACHHAM,325.9230769230769,68.76923076923077,302.5230769230769,380.2,13
2016,5,ARGHAKHANCHI,310.6333333333333,58.0,296.3333333333333,22.4,3
2016,5,BAGLUNG,318.41999999999996,59.6,300.24,53.1,5
2016,5,BAITADI,318.6333333333333,67.5,300.9166666666667,111.80000000000001,6
2016,5,BAJHANG,319.7,53.25,302.7,67.4,4
2016,5,BAJURA,323.0285714285714,52.142857142857146,297.4142857142857,207.1,7
2016,5,BANKE,318.875,71.5,304.05,40.0,4
2016,5,CHITAWAN,321.95,48.5,308.85,14.2,2
2016,5,DADELDHURA,317.43333333333334,54.0,304.78333333333336,67.4,6
2016,5,DAILEKH,319.16,63.6,300.64,103.4,5
2016,5,DANG,314.96666666666664,57.0,300.96666666666664,58.8,6
2016,5,DARCHULA,311.75,61.75,291.35,174.5,4
2016,5,DOLPA,319.86,56.0,294.21999999999997,88.6,5
2016,5,DOTI,315.63,59.1,297.07,431.9,30
2016,5,GORKHA,312.1,66.0,295.65,20.6,2
2016,5,GULMI,322.4,66.0,308.6,7.9,1
2016,5,JAJARKOT,315.775,42.375,296.425,223.4,8
2016,5,KABHREPALANCHOK,318.4,44.4,299.3,63.8,5
2016,5,KAILALI,319.27948717948715,73.23076923076923,298.96153846153845,1304.5,39
2016,5,KALIKOT,306.7,62.0,287.3,38.5,1
2016,5,KANCHANPUR,327.54999999999995,72.0,304.1,48.8,2
2016,5,KAPILBASTU,331.9,74.0,310.4,9.6,1
2016,5,LAMJUNG,321.3,69.0,291.8,18.7,1
2016,5,MAKAWANPUR,332.59999999999997,79.66666666666667,306.0,72.4,3
2016,5,MUGU,316.54285714285714,43.857142857142854,296.6857142857143,237.0,7
2016,5,MYAGDI,328.5,65.28571428571429,299.4857142857143,197.1,7
2016,5,NAWALPARASI,321.46666666666664,60.0,300.2,53.0,3
2016,5,PALPA,320.76666666666665,52.333333333333336,304.6666666666667,27.0,3
2016,5,PARSA,321.8,50.0,307.7,8.6,1
2016,5,PYUTHAN,316.80909090909086,64.36363636363636,298.07272727272726,441.3,11
2016,5,RASUWA,327.53333333333336,72.33333333333333,296.46666666666664,74.1,3
2016,5,ROLPA,321.76666666666665,72.22222222222223,296.6666666666667,193.7,9
2016,5,RUKUM,306.825,40.5,293.025,48.3,4
2016,5,RUPANDEHI,318.03333333333336,55.666666666666664,302.0,28.200000000000003,3
2016,5,SALYAN,321.06,53.06666666666667,301.4533333333333,232.9,15
2016,5,SINDHULI,324.4,68.0,307.4,12.4,1
2016,5,SINDHUPALCHOK,316.5,15.0,294.0,22.7,1
2016,5,SURKHET,316.10243902439026,60.073170731707314,299.38780487804877,660.3,41
2016,5,SYANGJA,303.4,55.0,278.0,19.8,1
2016,5,TANAHU,300.6,13.0,290.4,4.1,1
2016,6,BAJHANG,318.0,61.0,293.7,13.9,1
2016,6,HUMLA,335.52,78.0,298.14,568.1,5
2016,6,SURKHET,314.4,25.0,292.3,31.1,1
2016,8,KAILALI,316.1,62.0,299.8,6.9,1
2016,8,PARSA,312.3,52.0,292.7,23.5,1
2016,9,BARA,313.8,61.0,296.8,5.7,1
2016,9,CHITAWAN,311.9,50.0,296.0,5.7,1
2016,9,KAILALI,313.6,61.0,300.2,6.6,1
2016,9,KANCHANPUR,314.4,23.0,293.5,7.4,1
2016,10,BAJHANG,324.1166666666667,66.33333333333333,296.51666666666665,222.0,6
2016,10,DOLPA,319.575,71.75,287.475,78.9,4
2016,10,JUMLA,309.56666666666666,51.0,288.7,93.6,3
2016,10,KAILALI,314.0,56.0,302.7,5.9,1
2016,10,MORANG,314.85,55.0,296.75,15.7,2
2016,11,BAJHANG,312.38,56.56666666666667,291.02666666666664,573.9,30
2016,11,BAJURA,317.6,77.0,293.8,18.8,1
2016,11,BARDIYA,315.5,65.0,304.9,5.8,1
2016,11,DARCHULA,355.5,98.0,292.8,92.5,1
2016,11,DHADING,307.9,26.0,292.2,17.4,1
2016,11,DOLPA,320.6642857142857,58.642857142857146,292.8285714285715,599.4,14
2016,11,GORKHA,310.0142857142857,48.714285714285715,291.0857142857143,124.3,7
2016,11,HUMLA,324.475,67.0,284.275,204.4,4
2016,11,JAJARKOT,314.125,60.875,294.275,124.6,8
2016,11,JUMLA,311.01666666666665,53.333333333333336,291.81666666666666,101.5,6
2016,11,KAILALI,317.8,75.0,301.4,9.9,1
2016,11,KALIKOT,305.45,44.0,293.75,44.800000000000004,2
2016,11,KANCHANPUR,314.7,72.0,294.2,31.9,1
2016,11,KASKI,326.93333333333334,69.66666666666667,293.7,92.8,3
2016,11,MUGU,306.5,46.0,287.6,24.6,2
2016,11,MYAGDI,308.8,38.5,291.925,42.0,4
2016,11,NAWALPARASI,310.95,57.0,300.1,12.5,2
2016,11,PARSA,313.5,66.0,299.35,15.4,2
2016,11,RASUWA,304.79999999999995,51.5,290.5,16.0,2
2016,11,RUKUM,311.8,57.5,292.79999999999995,40.2,2
2016,11,RUPANDEHI,314.55,63.5,300.9,16.1,2
2016,11,SANKHUWASABHA,326.4,84.0,291.9,23.1,1
2016,11,SOLUKHUMBU,307.55,60.5,280.75,70.5,2
2016,11,TAPLEJUNG,310.2,65.0,297.4,12.6,1
2016,12,ACHHAM,303.9,48.0,288.7,7.6,1
2016,12,BAGLUNG,305.54999999999995,46.5,285.75,24.1,2
2016,12,BAJHANG,316.2923076923077,62.92307692307692,288.85,764.8,26
2016,12,BAJURA,317.25,71.75,296.675,138.9,4
2016,12,BHOJPUR,302.6,47.0,289.1,7.0,1
2016,12,DAILEKH,334.7,89.0,291.0,35.3,1
2016,12,DARCHULA,316.20000000000005,45.5,295.7,29.6,2
2016,12,DHADING,310.96,53.8,296.58000000000004,102.0,5
2016,12,DOLPA,324.76666666666665,62.833333333333336,295.75,238.4,6
2016,12,GORKHA,309.90000000000003,42.333333333333336,288.2,32.3,3
2016,12,HUMLA,307.5833333333333,51.916666666666664,286.90833333333336,430.7,12
2016,12,JAJARKOT,307.725,53.0,290.3,114.2,8
2016,12,JUMLA,318.6333333333333,66.0,284.4666666666667,115.6,3
2016,12,KALIKOT,314.01428571428573,64.14285714285714,289.3809523809524,455.3,21
2016,12,KANCHANPUR,315.09999999999997,63.0,294.0210526315789,722.0,19
2016,12,KASKI,320.02222222222224,60.592592592592595,292.5851851851852,1064.2,27
2016,12,LAMJUNG,314.3,52.5,289.15,203.6,8
2016,12,MAKAWANPUR,302.4,30.0,292.2,4.9,1
2016,12,MUGU,311.91999999999996,62.0,288.91999999999996,92.3,5
2016,12,MYAGDI,312.60909090909087,48.45454545454545,291.28181818181815,202.7,11
2016,12,PALPA,301.05,40.5,289.75,19.5,2
2016,12,PARSA,314.0,65.5,298.95,15.0,2
2016,12,RASUWA,306.15999999999997,51.8,288.4,95.7,5
2016,12,RUKUM,306.88461538461536,50.92307692307692,288.5769230769231,213.5,13
2016,12,SANKHUWASABHA,306.06,47.8,288.41999999999996,115.60000000000001,5
2016,12,SINDHUPALCHOK,334.1666666666667,82.44444444444444,289.14444444444445,1230.0,9
2016,12,SOLUKHUMBU,306.26666666666665,23.333333333333332,274.26666666666665,165.79999999999998,3
2016,12,TANAHU,307.4,47.0,297.0,6.5,1
2016,12,TAPLEJUNG,322.8809523809524,68.14285714285714,291.06190476190477,1449.3,21
2016,12,TERHATHUM,321.5,81.0,287.7,49.0,1
2017,1,BAGLUNG,303.8,52.0,285.3,9.9,1
2017,1,BAJHANG,327.4,85.0,298.5,33.8,1
2017,1,BAJURA,310.6,67.0,282.45000000000005,52.099999999999994,2
2017,1,BARDIYA,316.3333333333333,73.66666666666667,289.0,69.9,3
2017,1,CHITAWAN,319.6769230769231,71.38461538461539,297.4384615384615,241.7,13
2017,1,DARCHULA,305.5,45.0,276.5,36.8,2
2017,1,DHANKUTA,304.55,38.0,289.5,14.3,2
2017,1,DHANUSHA,305.1,61.0,293.6,4.4,1
2017,1,GORKHA,305.5833333333333,44.833333333333336,285.76666666666665,96.7,6
2017,1,JUMLA,305.9,42.0,287.65,48.2,2
2017,1,KABHREPALANCHOK,307.8,42.0,291.9,8.1,1
2017,1,KAILALI,305.95000000000005,56.0,291.6,13.899999999999999,2
2017,1,KANCHANPUR,315.65000000000003,67.5,290.82916666666665,1017.3,24
2017,1,KAPILBASTU,312.0,66.0,299.7,5.5,1
2017,1,LAMJUNG,307.8454545454546,51.90909090909091,288.46363636363634,162.0,11
2017,1,MAKAWANPUR,304.6,59.0,294.1,5.5,1
2017,1,MANANG,305.6,61.0,280.2,30.3,1
2017,1,MUGU,303.1,53.0,277.0,9.7,1
2017,1,MUSTANG,318.26666666666665,69.33333333333333,292.09999999999997,105.7,3
2017,1,MYAGDI,305.78000000000003,48.4,288.02,50.9,5
2017,1,NAWALPARASI,308.7,59.0,296.6,4.0,1
2017,1,PARSA,303.9,57.0,293.1,8.6,1
2017,1,RASUWA,308.9,65.5,289.45,28.900000000000002,2
2017,1,RAUTAHAT,327.4,84.0,299.6,23.1,1
2017,1,RUKUM,323.1,65.0,300.4,19.3,1
2017,1,SANKHUWASABHA,306.03333333333336,50.333333333333336,290.3,32.6,3
2017,1,SARLAHI,305.6,31.0,295.3,10.3,2
2017,1,SINDHUPALCHOK,309.76666666666665,52.666666666666664,289.43333333333334,59.5,3
2017,1,SOLUKHUMBU,300.0,11.0,285.7,4.3,1
2017,1,SUNSARI,315.1,66.66666666666667,298.0333333333333,35.8,3
2017,1,TANAHU,302.7,16.0,287.7,8.3,1
2017,1,TAPLEJUNG,316.8888888888889,66.0,288.73333333333335,246.7,9
2017,2,BAJHANG,317.175,59.75,296.075,134.8,8
2017,2,BAJURA,314.85,51.75,293.3,54.6,4
2017,2,BARA,313.0,63.5,299.55,12.3,2
2017,2,BARDIYA,316.20625,60.0,298.0375,357.6,16
2017,2,CHITAWAN,317.796,65.96,297.684,523.3,25
2017,2,DARCHULA,306.1666666666667,39.0,294.90000000000003,29.4,3
2017,2,DHADING,312.4,54.5,287.5,51.300000000000004,2
2017,2,DHANUSHA,311.7,47.5,298.20000000000005,20.5,2
2017,2,DOLPA,323.4777777777778,65.33333333333333,292.65555555555557,243.3,9
2017,2,GORKHA,312.56666666666666,58.833333333333336,295.84999999999997,67.8,6
2017,2,HUMLA,314.7,47.0,299.2,12.9,1
2017,2,JAJARKOT,314.26,62.4,291.6,95.5,5
2017,2,JUMLA,308.55,50.0,289.4,197.4,4
2017,2,KAILALI,302.5,35.0,285.3,5.2,1
2017,2,KANCHANPUR,319.3066666666667,69.86666666666666,296.35999999999996,536.3,15
2017,2,KAPILBASTU,318.6,73.0,298.4,13.1,1
2017,2,KASKI,315.25,59.75,290.125,140.3,4
2017,2,LAMJUNG,316.175,65.75,294.525,64.9,4
2017,2,MAHOTTARI,320.03333333333336,62.333333333333336,302.7,31.5,3
2017,2,MAKAWANPUR,308.8,58.5,295.55,53.599999999999994,2
2017,2,MORANG,327.85,80.5,299.7,46.8,2
2017,2,MUSTANG,313.55,53.5,294.15,33.2,2
2017,2,MYAGDI,304.6,48.0,290.2,14.8,1
2017,2,NUWAKOT,314.0,63.0,301.2,21.5,1
2017,2,PARSA,307.90000000000003,62.666666666666664,294.7,68.5,3
2017,2,RAMECHHAP,310.6,65.0,296.1,8.9,1
2017,2,RASUWA,309.62,57.0,288.15999999999997,52.5,5
2017,2,ROLPA,300.8,24.0,287.0,5.2,1
2017,2,RUKUM,312.9,49.25,296.0,61.6,4
2017,2,RUPANDEHI,309.4,62.0,295.8,6.5,1
2017,2,SALYAN,308.55,67.5,294.95000000000005,34.9,2
2017,2,SANKHUWASABHA,320.35,71.0,296.85,44.1,2
2017,2,SAPTARI,317.1,70.0,303.5,12.0,1
2017,2,SARLAHI,317.025,63.25,300.55,51.0,4
2017,2,SINDHUPALCHOK,312.1333333333333,61.0,291.93333333333334,55.2,3
2017,2,SUNSARI,313.25,54.5,297.85,16.5,2
2017,2,SURKHET,309.6,62.0,294.5,13.4,1
2017,2,TANAHU,309.5,55.0,294.6,7.4,1
2017,2,TAPLEJUNG,313.62,48.1,289.79,249.29999999999998,10
2017,2,UDAYAPUR,318.8,66.0,305.5,8.8,1
2017,3,BAJHANG,314.2,38.0,293.8,26.1,2
2017,3,BAJURA,315.1,63.0,301.4,17.2,1
2017,3,BANKE,316.12857142857143,54.857142857142854,301.1,56.4,7
2017,3,BARA,315.14285714285717,52.0,300.6714285714285,63.1,7
2017,3,BARDIYA,322.96666666666664,69.0,303.9777777777778,140.2,9
2017,3,CHITAWAN,322.34444444444443,66.51851851851852,302.05555555555554,934.6,27
2017,3,DAILEKH,321.1,54.0,305.6,8.8,1
2017,3,DANG,314.075,59.5,300.825,75.9,8
2017,3,DHADING,313.6666666666667,57.0,301.53333333333336,23.200000000000003,3
2017,3,DHANKUTA,319.5,66.33333333333333,299.93333333333334,71.10000000000001,3
2017,3,DHANUSHA,317.3666666666666,63.0,302.3666666666666,29.799999999999997,3
2017,3,DOLPA,315.09999999999997,28.666666666666668,300.8,46.900000000000006,3
2017,3,DOTI,318.65,57.0,301.35,19.8,2
2017,3,GORKHA,314.5333333333333,67.0,292.90000000000003,68.7,3
2017,3,HUMLA,331.85,70.0,305.6,44.5,2
2017,3,JAJARKOT,321.0,75.0,298.1,19.8,1
2017,3,KAILALI,323.2,68.0,303.7,13.3,1
2017,3,KANCHANPUR,327.64761904761906,67.19047619047619,300.42857142857144,783.5,21
2017,3,KASKI,344.05,93.0,304.2,90.4,2
2017,3,LALITPUR,312.7,39.0,301.0,11.4,1
2017,3,LAMJUNG,310.65,44.25,295.675,56.9,4
2017,3,MAHOTTARI,323.65,73.25,304.425,49.8,4
2017,3,MAKAWANPUR,317.46666666666664,59.166666666666664,300.1166666666667,76.3,6
2017,3,MANANG,303.7,29.0,287.2,15.3,1
2017,3,MUGU,330.225,77.0,302.625,130.4,4
2017,3,MYAGDI,321.4,81.0,288.5,32.4,1
2017,3,NAWALPARASI,320.5,48.0,296.8,13.5,1
2017,3,PALPA,308.53333333333336,46.0,294.76666666666665,40.5,3
2017,3,PANCHTHAR,314.0,66.0,298.8,11.0,1
2017,3,PARSA,313.2,54.125,299.7125,62.7,8
2017,3,RAUTAHAT,321.95,61.0,302.625,130.4,8
2017,3,ROLPA,325.85,72.5,305.35,32.4,2
2017,3,RUKUM,313.9,17.0,302.0,8.4,1
2017,3,SALYAN,312.35,60.0,296.55,35.5,2
2017,3,SANKHUWASABHA,319.0,61.22222222222222,296.1222222222222,188.0,9
2017,3,SAPTARI,316.8,54.57142857142857,302.37142857142857,75.6,7
2017,3,SARLAHI,321.64285714285717,57.57142857142857,303.75714285714287,87.9,7
2017,3,SINDHUPALCHOK,307.8,56.0,293.7,20.2,1
2017,3,SOLUKHUMBU,303.7,12.0,284.9,5.8,1
2017,3,SUNSARI,311.8,31.0,297.4,6.5,1
2017,3,SYANGJA,312.3,65.0,298.1,7.6,1
2017,3,TAPLEJUNG,321.0076923076923,62.69230769230769,293.5230769230769,445.7,13
2017,3,TERHATHUM,316.93333333333334,70.33333333333333,300.1666666666667,33.0,3
2017,3,UDAYAPUR,319.45,59.0,302.35,43.099999999999994,2
2017,4,ACHHAM,313.2684210526316,57.73684210526316,296.63157894736844,248.1,19
2017,4,ARGHAKHANCHI,319.24545454545455,57.77272727272727,304.1545454545454,241.6,22
2017,4,BAITADI,313.5,59.5,302.05,18.8,2
2017,4,BANKE,322.431875,60.79375,304.5875,2751.5,160
2017,4,BARA,326.3478260869565,64.95652173913044,306.5739130434782,399.0,23
2017,4,BARDIYA,322.7390804597701,61.37931034482759,303.9793103448276,1519.3,87
2017,4,BHOJPUR,303.6,56.0,291.3,5.6,1
2017,4,CHITAWAN,323.70238095238096,54.976190476190474,305.35,651.3,42
2017,4,DADELDHURA,307.14,39.0,294.2,34.5,5
2017,4,DAILEKH,302.0,46.0,291.2,4.8,1
2017,4,DANG,318.0251612903226,58.0258064516129,303.3529032258064,2196.4,155
2017,4,DHADING,320.3333333333333,61.0,304.6333333333333,26.6,3
2017,4,DHANUSHA,323.22727272727275,57.72727272727273,308.1727272727273,103.8,11
2017,4,DOTI,320.1666666666667,46.333333333333336,304.7,30.3,3
2017,4,GORKHA,320.4,56.0,300.4,15.9,1
2017,4,GULMI,330.7,75.0,301.1,39.2,1
2017,4,ILAM,319.26666666666665,56.0,304.3,24.8,3
2017,4,JAJARKOT,323.15,62.0,301.75,30.200000000000003,2
2017,4,JHAPA,318.77500000000003,47.0,303.975,29.2,4
2017,4,KAILALI,323.64831460674156,64.97752808988764,305.2258426966292,1834.2,89
2017,4,KANCHANPUR,328.3114864864865,70.27027027027027,306.23445945945946,4746.3,148
2017,4,KAPILBASTU,325.8254237288136,61.3728813559322,308.95593220338986,907.7,59
2017,4,KHOTANG,329.23333333333335,68.66666666666667,309.03333333333336,72.1,3
2017,4,LAMJUNG,307.6,52.0,293.9,8.0,1
2017,4,MAHOTTARI,320.525,54.125,304.925,75.0,8
2017,4,MAKAWANPUR,317.24444444444447,50.77777777777778,302.42962962962963,249.1,27
2017,4,MANANG,316.65,73.5,293.1,31.5,2
2017,4,MORANG,319.9166666666667,58.833333333333336,300.76666666666665,69.30000000000001,6
2017,4,NAWALPARASI,319.83181818181816,61.04545454545455,302.90909090909093,706.0,44
2017,4,OKHALDHUNGA,317.8,68.0,302.0,8.2,1
2017,4,PALPA,314.82,42.4,301.14,53.2,5
2017,4,PANCHTHAR,320.46666666666664,54.666666666666664,303.73333333333335,82.3,6
2017,4,PARSA,321.47499999999997,60.3421052631579,302.58947368421053,1300.2,76
2017,4,PYUTHAN,309.6,78.0,295.2,7.4,1
2017,4,RASUWA,313.95,59.5,291.54999999999995,96.2,2
2017,4,RAUTAHAT,323.855,62.3,305.27,331.8,20
2017,4,ROLPA,309.3,42.5,296.0,30.700000000000003,2
2017,4,RUKUM,319.9,65.0,304.8,18.5,1
2017,4,RUPANDEHI,320.29499999999996,60.85,303.38,231.1,20
2017,4,SALYAN,313.9095238095238,51.523809523809526,299.7761904761905,196.0,21
2017,4,SANKHUWASABHA,318.5692307692307,61.23076923076923,293.7230769230769,254.8,13
2017,4,SAPTARI,323.3818181818182,58.36363636363637,307.97272727272724,108.89999999999999,11
2017,4,SARLAHI,324.66923076923075,60.38461538461539,307.76153846153846,265.3,13
2017,4,SINDHULI,326.1923076923077,64.0,306.6769230769231,194.3,13
2017,4,SIRAHA,329.0,68.6,313.4,59.6,5
2017,4,SOLUKHUMBU,318.175,62.25,301.65,38.0,4
2017,4,SUNSARI,322.41999999999996,58.8,304.65999999999997,55.9,5
2017,4,SURKHET,319.68048780487806,54.4390243902439,303.9146341463415,495.59999999999997,41
2017,4,TANAHU,319.525,59.5,303.34999999999997,41.0,4
2017,4,TAPLEJUNG,320.3736842105263,64.63157894736842,296.63684210526316,783.0,19
2017,4,TERHATHUM,316.9888888888889,52.22222222222222,302.5111111111111,110.7,9
2017,4,UDAYAPUR,325.01071428571424,61.25,307.7107142857143,770.6,56
2017,5,ACHHAM,322.93333333333334,63.666666666666664,304.5,57.7,3
2017,5,ARGHAKHANCHI,322.9,58.0,305.4,12.1,1
2017,5,BAITADI,324.6,56.0,306.9,11.1,1
2017,5,BANKE,329.6666666666667,60.666666666666664,309.3333333333333,98.4,6
2017,5,BARDIYA,322.9310344827586,65.58620689655173,305.2137931034483,543.4,29
2017,5,CHITAWAN,316.98,47.4,300.8,43.4,5
2017,5,DADELDHURA,324.8,59.333333333333336,306.3,39.7,3
2017,5,DANG,320.0,47.0,300.5,14.2,1
2017,5,KAILALI,327.90000000000003,44.0,307.90000000000003,35.9,3
2017,5,KANCHANPUR,329.4230769230769,71.07692307692308,306.4,651.7,26
2017,5,KAPILBASTU,329.02,68.0,306.46,103.1,5
2017,5,PALPA,316.7,61.0,300.9,6.6,1
2017,5,PYUTHAN,318.7,36.0,298.6,7.8,1
2017,5,ROLPA,306.6,67.5,292.95000000000005,18.2,2
2017,5,RUKUM,327.0,59.0,293.7,20.9,1
2017,5,RUPANDEHI,318.4166666666667,47.333333333333336,301.0833333333333,64.3,6
2017,5,SALYAN,318.2142857142857,59.857142857142854,295.75714285714287,106.2,7
2017,5,SURKHET,322.825,65.9375,303.31875,233.0,16
2017,6,DAILEKH,343.3,90.0,306.5,41.0,1
2017,6,DOLPA,319.55,66.5,297.95,26.8,2
2017,6,KAILALI,324.2,41.0,308.2,6.3,1
2017,6,KANCHANPUR,320.7,56.0,302.8,33.8,1
2017,6,SINDHULI,313.7,25.0,292.5,9.8,1
2017,9,BANKE,317.375,59.25,298.475,46.8,4
2017,9,BARDIYA,315.6,53.5,298.9,22.6,2
2017,9,KAILALI,313.9,63.0,298.3,7.9,1
2017,10,BARA,314.0,59.0,298.8,10.1,1
2017,10,JUMLA,304.5,25.0,289.5,4.7,1
2017,10,KALIKOT,302.7,6.0,287.5,5.7,1
2017,10,LAMJUNG,301.4,29.0,289.4,6.1,1
2017,10,MUGU,316.6,63.0,293.70000000000005,31.5,2
2017,10,MUSTANG,306.8,32.0,290.3,7.2,1
2017,10,SUNSARI,315.8,64.0,298.0,8.4,1
2017,11,BAJHANG,309.7,60.333333333333336,293.76666666666665,58.3,3
2017,11,DHANKUTA,309.9,67.0,298.1,19.8,1
2017,11,DOLPA,313.6,58.5,294.45,45.0,2
2017,11,GORKHA,318.06,70.2,290.14,125.8,5
2017,11,HUMLA,306.90000000000003,53.0,291.40000000000003,27.299999999999997,3
2017,11,JAJARKOT,317.92857142857144,71.42857142857143,291.8285714285714,137.6,7
2017,11,JUMLA,302.7,20.0,288.9,6.2,1
2017,11,KALIKOT,307.26666666666665,54.666666666666664,289.06666666666666,156.8,6
2017,11,KANCHANPUR,313.2,66.75,295.675,96.5,4
2017,11,KAPILBASTU,311.7,63.0,300.5,5.2,1
2017,11,KASKI,311.1,65.0,297.6,16.2,1
2017,11,LAMJUNG,301.0,25.5,285.85,12.1,2
2017,11,MUGU,313.46666666666664,62.0,288.56666666666666,43.8,3
2017,11,MYAGDI,302.45,27.5,284.8,19.7,2
2017,11,PANCHTHAR,311.1,50.0,298.8,6.9,1
2017,11,PARSA,311.14444444444445,63.666666666666664,298.0,91.0,9
2017,11,RAMECHHAP,310.9,53.0,277.0,12.6,1
2017,11,RASUWA,316.2,61.0,291.8,14.1,1
2017,11,ROLPA,311.9,72.0,293.8,15.4,1
2017,11,RUKUM,301.0,23.0,290.2,9.8,1
2017,11,RUPANDEHI,313.40000000000003,67.0,300.8666666666667,26.9,3
2017,12,BAGLUNG,305.79999999999995,61.5,287.75,27.1,2
2017,12,BAJHANG,308.5333333333333,33.666666666666664,283.09999999999997,33.9,3
2017,12,BAJURA,316.98333333333335,69.33333333333333,295.56666666666666,153.1,6
2017,12,BARA,312.26666666666665,62.0,297.73333333333335,21.5,3
2017,12,DAILEKH,303.3,49.0,289.7,7.1,1
2017,12,DARCHULA,303.5,48.0,285.2,7.8,1
2017,12,DHADING,306.56666666666666,47.666666666666664,289.6666666666667,39.6,3
2017,12,DHANUSHA,308.8,56.0,298.1,5.2,1
2017,12,DOLPA,313.86428571428576,59.07142857142857,292.2785714285714,405.2,14
2017,12,GORKHA,316.9842105263158,63.578947368421055,291.4842105263158,506.7,19
2017,12,HUMLA,324.9,72.2,290.41999999999996,195.4,5
2017,12,JAJARKOT,307.98,48.3,291.32,173.20000000000002,10
2017,12,JHAPA,311.1,62.0,297.2,13.2,1
2017,12,JUMLA,310.5,55.0,294.3,69.69999999999999,3
2017,12,KALIKOT,307.3875,44.875,290.35,138.9,8
2017,12,KANCHANPUR,316.375,73.5,295.5,76.1,4
2017,12,KASKI,310.3,56.42857142857143,283.5142857142857,369.5,14
2017,12,KHOTANG,305.275,57.25,282.525,55.6,4
2017,12,LAMJUNG,312.948,61.36,288.63599999999997,1019.3,25
2017,12,MAKAWANPUR,310.8666666666666,63.0,299.6666666666667,27.3,3
2017,12,MANANG,313.7,55.0,290.8,16.1,1
2017,12,MUGU,326.92499999999995,83.25,292.95,111.69999999999999,4
2017,12,MYAGDI,313.62857142857143,63.857142857142854,291.9,215.20000000000002,7
2017,12,PARSA,313.325,68.25,299.025,28.1,4
2017,12,RASUWA,303.3,31.0,289.0,9.7,1
2017,12,RUKUM,308.6,43.375,288.3125,192.7,8
2017,12,SANKHUWASABHA,304.525,47.0,289.2,34.3,4
2017,12,SAPTARI,313.2,67.0,297.6,7.5,1
2017,12,SARLAHI,303.9,50.0,293.9,4.0,1
2017,12,SINDHUPALCHOK,310.25,59.0,288.29999999999995,72.3,2
2017,12,SOLUKHUMBU,306.44,42.6,289.02,214.3,10
2017,12,SYANGJA,303.3,29.5,291.25,12.6,2
2017,12,TAPLEJUNG,303.3,53.0,287.4,11.1,1
