latitude,longitude,brightness,scan,track,acq_date,acq_time,satellite,instrument,confidence,version,bright_t31,frp,daynight,type
26.8446,87.5158,310.2,1.4,1.2,2015-01-13,0746,Aqua,MODIS,69,6.2,293.1,15.4,D,0
28.961,82.6423,313.8,1,1,2015-01-13,0747,Aqua,MODIS,44,6.2,291.1,12.8,D,0
28.7549,80.373,304.4,1.1,1.1,2015-01-13,0747,Aqua,MODIS,59,6.2,292.9,5.9,D,0
28.2671,84.8819,302.4,1,1,2015-01-15,0734,Aqua,MODIS,44,6.2,289,5.5,D,0
27.5409,84.2503,308.3,1.1,1,2015-01-15,0734,Aqua,MODIS,67,6.2,293.7,7.1,D,0
28.3558,84.4478,302,1,1,2015-01-16,0505,Terra,MODIS,39,6.2,283.3,6.8,D,0
27.5494,84.4414,305.9,3.1,1.7,2015-01-16,0817,Aqua,MODIS,62,6.2,292.6,28.3,D,0
27.5468,84.41,303.1,3.1,1.7,2015-01-16,0817,Aqua,MODIS,51,6.2,292.8,19.4,D,0
27.5491,84.4338,307.3,3.1,1.7,2015-01-16,0817,Aqua,MODIS,65,6.2,292.7,33.4,D,0
27.5428,84.5145,310.1,1.9,1.3,2015-01-18,0805,Aqua,MODIS,69,6.2,293.8,21.2,D,0
27.549,84.4558,314,1.9,1.3,2015-01-18,0805,Aqua,MODIS,74,6.2,292.5,29,D,0
29.9484,81.8465,316.7,1.4,1.2,2015-01-18,0806,Aqua,MODIS,37,6.2,296.5,23.1,D,0
28.0922,82.9582,305,2.8,1.6,2015-01-20,0441,Terra,MODIS,55,6.2,290.8,28.1,D,0
29.7238,81.2804,300.1,1,1,2015-01-20,0753,Aqua,MODIS,20,6.2,286.1,5.9,D,0
28.0919,82.9522,303.4,1.1,1,2015-01-20,0753,Aqua,MODIS,52,6.2,293.2,4.9,D,0
27.5671,84.472,304.4,1.2,1.1,2015-01-20,0753,Aqua,MODIS,59,6.2,290.5,6.9,D,0
26.9513,87.5259,301.6,2.1,1.4,2015-01-21,0524,Terra,MODIS,34,6.2,290.5,10.4,D,0
29.4246,81.6854,327.3,1,1,2015-01-21,0524,Terra,MODIS,74,6.2,289.9,24,D,0
28.6666,83.5874,302.9,1.2,1.1,2015-01-21,0524,Terra,MODIS,23,6.2,286.6,7.8,D,0
29.4157,81.684,323.5,1,1,2015-01-21,0524,Terra,MODIS,80,6.2,290.6,21.8,D,0
28.6612,83.5927,300.3,1.2,1.1,2015-01-21,0524,Terra,MODIS,23,6.2,284.3,7.2,D,0
29.7269,81.2706,302,1,1,2015-01-21,0524,Terra,MODIS,44,6.2,285.3,7.5,D,0
26.9501,87.5346,306.3,2.5,1.5,2015-01-21,0657,Aqua,MODIS,53,6.2,293.7,19.7,D,0
26.9385,87.5359,310.8,1.2,1.1,2015-01-22,0740,Aqua,MODIS,55,6.2,291.9,8.9,D,0
26.9372,87.5248,311.9,1.2,1.1,2015-01-22,0740,Aqua,MODIS,63,6.2,293.5,10.4,D,0
27.387,87.9558,302.2,1.3,1.1,2015-01-22,0740,Aqua,MODIS,33,6.2,289.5,7.5,D,0
26.6645,87.0022,322.8,1,1,2015-01-24,0728,Aqua,MODIS,82,6.2,275.1,19.4,D,0
27.0167,85.6377,301.4,1.1,1,2015-01-24,0728,Aqua,MODIS,47,6.2,278.1,4.7,D,0
26.6735,87.0005,355.3,1,1,2015-01-24,0728,Aqua,MODIS,98,6.2,279,72.6,D,0
26.663,86.9921,314.5,1,1,2015-01-24,0728,Aqua,MODIS,71,6.2,271.7,11.8,D,0
26.6719,86.9905,342.2,1,1,2015-01-24,0728,Aqua,MODIS,81,6.2,275.2,45.5,D,0
28.3129,84.8977,305.5,1.1,1.1,2015-01-24,0729,Aqua,MODIS,46,6.2,291.6,9,D,0
27.9877,85.7834,310.4,3.1,1.7,2015-01-25,0811,Aqua,MODIS,70,6.2,279.7,63,D,0
27.9895,85.7891,312.9,3.1,1.7,2015-01-25,0811,Aqua,MODIS,73,6.2,279.8,71.5,D,0
27.4338,87.508,300.3,1.1,1.1,2015-01-27,0447,Terra,MODIS,22,6.2,287.8,5.1,D,0
28.7762,80.1492,308.6,1,1,2015-01-27,0759,Aqua,MODIS,26,6.2,293,4.9,D,0
28.7927,80.1358,314.3,1,1,2015-01-27,0759,Aqua,MODIS,74,6.2,294.1,9.7,D,0
27.567,82.8877,306.9,1.3,1.1,2015-01-28,0530,Terra,MODIS,63,6.2,295.6,7.3,D,0
27.5668,82.8807,307.5,1.3,1.1,2015-01-28,0530,Terra,MODIS,65,6.2,295.5,7.4,D,0
26.7084,87.6687,308.5,1.9,1.3,2015-01-28,0704,Aqua,MODIS,67,6.2,295,13.2,D,0
28.3473,84.8868,315.6,1.1,1,2015-01-29,0747,Aqua,MODIS,74,6.2,288.5,15.2,D,0
27.5312,84.2532,304.5,1,1,2015-01-29,0747,Aqua,MODIS,44,6.2,293.4,4,D,0
28.4372,83.7427,301.8,1,1,2015-01-29,0747,Aqua,MODIS,19,6.2,287.5,6.5,D,0
28.957,82.6583,302.1,1,1,2015-01-29,0747,Aqua,MODIS,24,6.2,291.7,6.5,D,0
30.0429,80.7482,303.6,1.1,1,2015-01-30,0517,Terra,MODIS,39,6.2,282.2,7.5,D,0
27.5103,87.6934,321.1,1.1,1,2015-01-31,0734,Aqua,MODIS,70,6.2,283.1,22.2,D,0
27.7812,83.7879,300.3,1.1,1,2015-01-31,0735,Aqua,MODIS,35,6.2,289.1,5.3,D,0
27.5473,84.449,301.6,3.1,1.7,2015-02-01,0817,Aqua,MODIS,40,6.2,290.7,18.4,D,0
28.5633,83.6585,307.8,2.8,1.6,2015-02-01,0818,Aqua,MODIS,36,6.2,286.9,37.3,D,0
26.7661,87.4461,309.9,1.1,1,2015-02-02,0722,Aqua,MODIS,62,6.2,295,7.3,D,0
26.5872,87.8987,321,1,1,2015-02-02,0722,Aqua,MODIS,75,6.2,304.9,11.9,D,0
26.5888,87.909,315.8,1,1,2015-02-02,0722,Aqua,MODIS,68,6.2,303.2,7,D,0
26.6383,86.9845,314.6,1.1,1.1,2015-02-02,0722,Aqua,MODIS,68,6.2,303.1,6.7,D,0
27.4572,86.9199,300.5,1,1,2015-02-03,0453,Terra,MODIS,23,6.2,290,6.4,D,0
27.5004,87.6027,302.5,1,1,2015-02-03,0453,Terra,MODIS,21,6.2,291.9,4.5,D,0
27.4902,87.6105,304.6,1,1,2015-02-03,0453,Terra,MODIS,36,6.2,292.2,5.4,D,0
27.5562,84.5991,323,1.9,1.4,2015-02-03,0805,Aqua,MODIS,81,6.2,297.5,45.7,D,0
27.5582,86.9717,304.2,2.9,1.6,2015-02-03,0805,Aqua,MODIS,53,6.2,282.4,30.7,D,0
27.5627,87.0073,328.6,2.9,1.6,2015-02-03,0805,Aqua,MODIS,85,6.2,286.4,131.3,D,0
27.5542,84.5798,318.9,1.9,1.4,2015-02-03,0805,Aqua,MODIS,78,6.2,298.4,34.8,D,0
27.5622,87.0168,327.5,2.9,1.6,2015-02-03,0805,Aqua,MODIS,84,6.2,287.2,124.4,D,0
27.5471,84.1158,305.7,1.3,1.1,2015-02-06,0524,Terra,MODIS,38,6.2,292.3,7.4,D,0
27.6641,85.3077,304.6,1.5,1.2,2015-02-06,0524,Terra,MODIS,59,6.2,290.3,7.1,D,0
27.5447,84.1105,305.1,4.1,1.9,2015-02-06,0658,Aqua,MODIS,40,6.2,290.3,37.8,D,0
27.5483,84.3933,309.2,1,1,2015-02-07,0741,Aqua,MODIS,68,6.2,279.3,9.4,D,0
30.0638,80.7699,327.1,1.2,1.1,2015-02-07,0741,Aqua,MODIS,77,6.2,287.1,33.9,D,0
30.0684,80.7757,308.7,1.2,1.1,2015-02-07,0741,Aqua,MODIS,51,6.2,284.7,14.1,D,0
29.0049,82.1878,313,1.1,1,2015-02-07,0741,Aqua,MODIS,73,6.2,290.3,14.7,D,0
30.0657,80.7814,334.3,1.2,1.1,2015-02-07,0741,Aqua,MODIS,85,6.2,288.4,46.4,D,0
27.5523,84.2131,311.7,1.2,1.1,2015-02-09,0728,Aqua,MODIS,69,6.2,296.2,9.8,D,0
27.2354,84.9757,307.8,1.2,1.1,2015-02-09,0728,Aqua,MODIS,51,6.2,293.7,7,D,0
27.5388,84.4938,320.6,1.2,1.1,2015-02-09,0728,Aqua,MODIS,79,6.2,296.6,19,D,0
27.5368,84.4819,317.5,1.2,1.1,2015-02-09,0728,Aqua,MODIS,76,6.2,296.2,15.6,D,0
27.2259,84.9776,314.6,1.2,1.1,2015-02-09,0728,Aqua,MODIS,72,6.2,294.3,13.7,D,0
28.2635,84.2184,305.4,1.2,1.1,2015-02-09,0729,Aqua,MODIS,22,6.2,291.4,7,D,0
27.5452,84.0709,310.3,2.3,1.5,2015-02-10,0811,Aqua,MODIS,0,6.2,297.9,22.5,D,0
26.9629,85.8483,309.2,3,1.6,2015-02-10,0811,Aqua,MODIS,49,6.2,297.6,19.6,D,0
26.435,87.2398,305.4,1.3,1.1,2015-02-11,0716,Aqua,MODIS,41,6.2,287.2,5.6,D,0
27.8009,87.5307,300.9,1.2,1.1,2015-02-11,0716,Aqua,MODIS,23,6.2,286.3,8.9,D,0
28.82,80.1305,309.5,1,1,2015-02-12,0800,Aqua,MODIS,63,6.2,296.3,5.2,D,0
30.0303,80.7888,312.6,1.1,1,2015-02-12,0800,Aqua,MODIS,70,6.2,290.6,14.5,D,0
27.5536,84.3449,304.1,3.1,1.7,2015-02-13,0704,Aqua,MODIS,39,6.2,292.9,19.8,D,0
29.115,82.5352,305,1,1,2015-02-15,0517,Terra,MODIS,45,6.2,294.1,10.3,D,0
27.5542,84.476,315.9,1.1,1,2015-02-16,0734,Aqua,MODIS,74,6.2,296.1,10.8,D,0
27.4524,87.618,306.3,1.1,1,2015-02-16,0734,Aqua,MODIS,63,6.2,281.6,9.4,D,0
28.9044,82.9767,310.6,1.2,1.1,2015-02-16,0735,Aqua,MODIS,51,6.2,282.8,12.2,D,0
28.9572,82.6568,305.9,1.2,1.1,2015-02-17,0505,Terra,MODIS,17,6.2,294.3,10.1,D,0
28.8829,80.0468,304.6,1.7,1.3,2015-02-17,0505,Terra,MODIS,58,6.2,293.2,8.8,D,0
27.2036,85.0127,306.5,1,1,2015-02-17,0506,Terra,MODIS,56,6.2,294.3,4.7,D,0
27.5826,85.1589,307.6,3.5,1.8,2015-02-17,0817,Aqua,MODIS,51,6.2,287.4,45.6,D,0
28.6558,80.3374,311,1.7,1.3,2015-02-17,0818,Aqua,MODIS,66,6.2,295.4,12.1,D,0
28.8264,80.1161,308.3,1.6,1.2,2015-02-17,0818,Aqua,MODIS,57,6.2,295.6,8.3,D,0
27.1123,86.7269,315,1.1,1.1,2015-02-18,0722,Aqua,MODIS,69,6.2,302.9,8.3,D,0
27.5442,84.4152,308,1.5,1.2,2015-02-18,0722,Aqua,MODIS,61,6.2,293,9.9,D,0
27.536,84.4939,309,1.5,1.2,2015-02-18,0722,Aqua,MODIS,55,6.2,294.3,10,D,0
27.5386,84.5084,309.9,1.5,1.2,2015-02-18,0722,Aqua,MODIS,57,6.2,294.2,10.5,D,0
28.3455,82.2613,311.7,1,1,2015-02-21,0753,Aqua,MODIS,66,6.2,297.7,6.9,D,0
28.7952,80.1893,322.1,1,1,2015-02-21,0753,Aqua,MODIS,78,6.2,298.9,14.9,D,0
28.7968,80.1996,311.3,1,1,2015-02-21,0753,Aqua,MODIS,60,6.2,297.4,5.4,D,0
28.7863,80.1911,345.1,1,1,2015-02-21,0753,Aqua,MODIS,93,6.2,303,47.6,D,0
28.7878,80.2013,346.1,1,1,2015-02-21,0753,Aqua,MODIS,94,6.2,300.3,49.6,D,0
28.0999,82.8997,308.4,1.1,1,2015-02-21,0753,Aqua,MODIS,49,6.2,294.5,5,D,0
29.575,81.43,308.1,1,1,2015-02-21,0753,Aqua,MODIS,55,6.2,291.1,8.4,D,0
28.8433,80.136,315.9,2,1.4,2015-02-21,1718,Terra,MODIS,92,6.2,288.2,45.7,N,0
28.8449,80.1291,311.9,2,1.4,2015-02-21,1718,Terra,MODIS,83,6.2,288,36.2,N,0
28.8468,80.15,301.8,2.1,1.4,2015-02-21,1718,Terra,MODIS,45,6.2,287.9,17.8,N,0
27.3625,84.5853,320.2,1,1,2015-02-23,0740,Aqua,MODIS,76,6.2,303.2,12.1,D,0
29.6601,81.1221,318.4,1.2,1.1,2015-02-23,0741,Aqua,MODIS,75,6.2,292.9,19.7,D,0
29.6568,81.1285,316.5,1.2,1.1,2015-02-23,0741,Aqua,MODIS,69,6.2,293.4,15.6,D,0
29.7724,82.0856,314.9,1.1,1,2015-02-23,0741,Aqua,MODIS,66,6.2,300.7,11.9,D,0
28.5489,83.3703,311,1,1,2015-02-23,0741,Aqua,MODIS,53,6.2,298,8.1,D,0
27.5555,84.4558,312.3,1,1,2015-02-23,0741,Aqua,MODIS,59,6.2,294.5,7,D,0
28.5473,83.36,315.7,1,1,2015-02-23,0741,Aqua,MODIS,75,6.2,299.2,11.4,D,0
28.9132,81.9731,311.7,1.1,1,2015-02-24,0511,Terra,MODIS,46,6.2,293.4,9.9,D,0
28.9146,81.962,323.2,1.1,1,2015-02-24,0511,Terra,MODIS,80,6.2,300,21.2,D,0
26.9434,85.7261,308.9,1.1,1,2015-02-24,0512,Terra,MODIS,48,6.2,295.7,5.5,D,0
27.037,87.5049,315.6,1.3,1.1,2015-02-24,0512,Terra,MODIS,43,6.2,299.5,10.3,D,0
27.0449,87.5197,314.4,1.3,1.1,2015-02-24,0512,Terra,MODIS,34,6.2,299.8,9.4,D,0
27.0427,87.5087,311.2,4.1,1.9,2015-02-24,0645,Aqua,MODIS,57,6.2,296.1,44.3,D,0
27.0373,87.5145,313.3,4.1,1.9,2015-02-24,0645,Aqua,MODIS,70,6.2,296.6,56.3,D,0
28.8891,80.1682,301.4,1.3,1.1,2015-02-27,0542,Terra,MODIS,34,6.2,289.3,3.1,D,0
28.8285,80.2429,327.4,1,1,2015-02-28,0759,Aqua,MODIS,78,6.2,299.2,20.2,D,0
28.8195,80.2445,316.8,1,1,2015-02-28,0759,Aqua,MODIS,71,6.2,301.9,9.3,D,0
28.4046,82.1537,300.4,1,1,2015-03-02,0747,Aqua,MODIS,26,6.2,286.9,3.1,D,0
26.9623,86.0696,315.8,1,1,2015-03-04,0734,Aqua,MODIS,70,6.2,299.5,9,D,0
26.9608,86.0597,338.5,1,1,2015-03-04,0734,Aqua,MODIS,90,6.2,301.1,36.2,D,0
27.5421,84.251,308.5,1,1,2015-03-05,0505,Terra,MODIS,63,6.2,296.4,5.2,D,0
27.5435,84.2406,307.8,1,1,2015-03-05,0505,Terra,MODIS,62,6.2,296.7,4.3,D,0
27.5359,84.2279,312.9,3,1.6,2015-03-05,0817,Aqua,MODIS,54,6.2,298.3,39.5,D,0
27.5352,84.2233,311.9,3,1.6,2015-03-05,0817,Aqua,MODIS,54,6.2,298.3,36.8,D,0
27.5487,84.4518,310.3,1.5,1.2,2015-03-06,0722,Aqua,MODIS,55,6.2,294.4,9.2,D,0
27.5457,84.4593,312.8,1.5,1.2,2015-03-06,0722,Aqua,MODIS,69,6.2,297.4,13.6,D,0
27.494,87.7396,312.8,1,1,2015-03-06,0722,Aqua,MODIS,71,6.2,294.2,10.4,D,0
26.6733,86.885,314,1.1,1.1,2015-03-06,0722,Aqua,MODIS,65,6.2,302.4,8.1,D,0
26.9744,87.547,318.2,1.1,1,2015-03-06,0722,Aqua,MODIS,70,6.2,298.3,13.2,D,0
28.8682,80.2008,305.9,2.7,1.6,2015-03-06,0723,Aqua,MODIS,62,6.2,295.1,16.5,D,0
28.8783,80.2029,305.8,2.7,1.6,2015-03-06,0723,Aqua,MODIS,62,6.2,294.9,16.6,D,0
27.9934,83.0203,319.1,1.5,1.2,2015-03-07,0805,Aqua,MODIS,74,6.2,295.4,24,D,0
28.8092,80.2174,313.2,1.1,1,2015-03-07,0806,Aqua,MODIS,67,6.2,301.2,8,D,0
26.4499,87.9642,320.6,1.5,1.2,2015-03-08,0710,Aqua,MODIS,56,6.2,300.4,17.6,D,0
27.5514,84.1299,314.8,2.5,1.5,2015-03-08,0710,Aqua,MODIS,56,6.2,296.7,33.6,D,0
27.5717,84.2074,321.1,1.2,1.1,2015-03-09,0753,Aqua,MODIS,74,6.2,305.1,12.4,D,0
28.8222,80.2335,315.3,1,1,2015-03-09,0753,Aqua,MODIS,70,6.2,299.4,8,D,0
27.7957,83.4209,314.7,1.1,1,2015-03-09,0753,Aqua,MODIS,60,6.2,299.7,8.5,D,0
27.0869,85.3248,316,1.3,1.1,2015-03-09,0753,Aqua,MODIS,60,6.2,304.6,9.1,D,0
27.5247,84.2443,315.4,1.2,1.1,2015-03-09,0753,Aqua,MODIS,31,6.2,304.1,7.8,D,0
27.5413,84.2001,322.6,1.2,1.1,2015-03-09,0753,Aqua,MODIS,75,6.2,305.9,16.5,D,0
27.547,84.4228,318.6,1.2,1.1,2015-03-09,0753,Aqua,MODIS,71,6.2,304.4,11.7,D,0
27.5485,84.4348,322.3,1.2,1.1,2015-03-09,0753,Aqua,MODIS,76,6.2,304.4,16.6,D,0
27.7072,84.645,312.5,1.2,1.1,2015-03-09,0753,Aqua,MODIS,47,6.2,301.2,7,D,0
28.8207,80.2232,314.4,1,1,2015-03-09,0753,Aqua,MODIS,68,6.2,298.5,7.4,D,0
27.0671,85.4226,319.7,1.3,1.1,2015-03-09,0753,Aqua,MODIS,35,6.2,305.6,12.4,D,0
28.9607,82.5078,316.2,1,1,2015-03-09,0753,Aqua,MODIS,45,6.2,296.5,13.8,D,0
28.7623,80.1958,308.2,1,1,2015-03-10,0524,Terra,MODIS,61,6.2,292.7,4.8,D,0
27.5299,84.2388,316.4,1.3,1.1,2015-03-10,0524,Terra,MODIS,54,6.2,303,13.1,D,0
28.7609,80.2061,308.9,1,1,2015-03-10,0524,Terra,MODIS,63,6.2,295.3,5.3,D,0
27.4494,83.8685,314.6,1.2,1.1,2015-03-10,0524,Terra,MODIS,57,6.2,301.8,9,D,0
28.8106,80.2338,313.6,3.4,1.7,2015-03-10,0836,Aqua,MODIS,69,6.2,297.1,50.9,D,0
27.3129,87.6764,307.2,1,1,2015-03-10,1622,Terra,MODIS,71,6.2,288.8,9.6,N,0
27.2073,87.7402,321.6,1.2,1.1,2015-03-11,0740,Aqua,MODIS,59,6.2,306.5,11.9,D,0
27.0992,87.1105,328.7,1.1,1.1,2015-03-11,0740,Aqua,MODIS,81,6.2,304.5,22,D,0
27.3223,87.6726,321.4,1.2,1.1,2015-03-11,0740,Aqua,MODIS,71,6.2,305.2,13.9,D,0
27.3126,87.6747,321.6,1.2,1.1,2015-03-11,0740,Aqua,MODIS,66,6.2,305.8,14,D,0
27.0978,87.0999,328,1.1,1.1,2015-03-11,0740,Aqua,MODIS,81,6.2,304.5,21.3,D,0
28.5477,83.4673,303.6,1,1,2015-03-11,0741,Aqua,MODIS,40,6.2,292.1,6.4,D,0
28.46,83.2518,306.9,1,1,2015-03-11,0741,Aqua,MODIS,49,6.2,295,6.7,D,0
28.5702,83.3731,309.4,1,1,2015-03-11,0741,Aqua,MODIS,48,6.2,298.9,7.6,D,0
27.539,84.5059,318.6,1,1,2015-03-11,0741,Aqua,MODIS,61,6.2,303.4,9.8,D,0
27.5415,84.2075,323.6,1,1,2015-03-11,0741,Aqua,MODIS,77,6.2,304.4,14.3,D,0
27.2836,84.9655,310.7,1,1,2015-03-12,0512,Terra,MODIS,56,6.2,299.6,6,D,0
26.681,87.015,317.6,1.3,1.1,2015-03-12,0512,Terra,MODIS,55,6.2,304.2,8.5,D,0
26.7829,86.9013,316.9,1.2,1.1,2015-03-12,0512,Terra,MODIS,59,6.2,302.4,6.3,D,0
27.4937,87.7141,315.6,3.9,1.8,2015-03-12,0645,Aqua,MODIS,61,6.2,289.8,88.3,D,0
27.4866,87.7215,326.2,3.9,1.8,2015-03-12,0645,Aqua,MODIS,84,6.2,290.9,166.5,D,0
28.8487,80.2415,354.4,2.1,1.4,2015-03-12,0824,Aqua,MODIS,98,6.2,298.6,198.8,D,0
29.5635,81.4467,305.3,2.6,1.5,2015-03-12,0824,Aqua,MODIS,35,6.2,288.3,28.2,D,0
28.8283,80.1717,316.1,2.1,1.4,2015-03-13,0554,Terra,MODIS,43,6.2,294,33.8,D,0
28.8406,80.1748,316.6,2.1,1.4,2015-03-13,0554,Terra,MODIS,75,6.2,291.4,35.4,D,0
27.1749,87.7184,338.7,1,1,2015-03-13,0728,Aqua,MODIS,89,6.2,305.8,30.2,D,0
28.8291,80.167,318.7,2.1,1.4,2015-03-13,0729,Aqua,MODIS,78,6.2,295.3,41.8,D,0
27.2978,87.7515,320.4,1,1,2015-03-14,0459,Terra,MODIS,75,6.2,299.3,14.2,D,0
27.5081,87.7666,310.2,1,1,2015-03-14,0459,Terra,MODIS,19,6.2,293.4,6.6,D,0
27.4684,87.723,310.2,1,1,2015-03-14,0459,Terra,MODIS,44,6.2,296.7,7.4,D,0
28.8088,80.1505,326.7,1.3,1.1,2015-03-14,0812,Aqua,MODIS,82,6.2,303.1,24.8,D,0
28.8104,80.1637,384.8,1.3,1.1,2015-03-14,0812,Aqua,MODIS,100,6.2,304.2,242.5,D,0
28.8119,80.1768,373.3,1.3,1.1,2015-03-14,0812,Aqua,MODIS,100,6.2,299,177,D,0
28.8003,80.1652,362.1,1.3,1.1,2015-03-14,0812,Aqua,MODIS,100,6.2,302.6,123.2,D,0
28.8018,80.1784,356,1.3,1.1,2015-03-14,0812,Aqua,MODIS,98,6.2,299.6,101.4,D,0
27.2867,87.7523,306.5,1.4,1.2,2015-03-14,2018,Aqua,MODIS,68,6.2,286.7,14.7,N,0
27.2824,87.7308,325.9,1.2,1.1,2015-03-15,0716,Aqua,MODIS,83,6.2,304.6,20.7,D,0
27.545,84.445,321.5,1.5,1.2,2015-03-16,0759,Aqua,MODIS,79,6.2,277.4,31,D,0
27.5434,84.4302,319.3,1.5,1.2,2015-03-16,0759,Aqua,MODIS,77,6.2,276.2,27.2,D,0
26.5665,87.3984,319,2,1.4,2015-03-17,0703,Aqua,MODIS,70,6.2,303.1,23.2,D,0
27.5622,87.6211,305.5,1.9,1.3,2015-03-17,0704,Aqua,MODIS,48,6.2,288.8,19.7,D,0
26.5575,87.6402,311,1,1,2015-03-17,1628,Terra,MODIS,82,6.2,284,12.5,N,0
27.1081,85.1266,314.4,1.1,1,2015-03-18,0746,Aqua,MODIS,60,6.2,298.8,7.2,D,0
27.1979,84.9887,313.3,1.1,1,2015-03-18,0747,Aqua,MODIS,54,6.2,300.9,6.2,D,0
28.8221,80.183,314.7,1.1,1.1,2015-03-19,0518,Terra,MODIS,53,6.2,302.3,8.8,D,0
26.7872,87.2901,330.3,1.6,1.3,2015-03-19,0518,Terra,MODIS,83,6.2,302.1,43.1,D,0
26.7761,87.2879,320.7,1.6,1.3,2015-03-19,0518,Terra,MODIS,66,6.2,300.8,23.4,D,0
26.6624,87.045,301.2,1.1,1.1,2015-03-19,1616,Terra,MODIS,39,6.2,288.8,6.3,N,0
27.5415,84.3155,321.8,1.1,1,2015-03-20,0734,Aqua,MODIS,67,6.2,301.1,12.7,D,0
26.7191,86.9246,336.3,1,1,2015-03-20,0734,Aqua,MODIS,86,6.2,305.6,26.4,D,0
26.7177,86.9145,336,1,1,2015-03-20,0734,Aqua,MODIS,86,6.2,305,26.4,D,0
27.5398,84.3048,315.7,1.1,1,2015-03-20,0734,Aqua,MODIS,24,6.2,300.7,6.8,D,0
27.0774,86.7234,319,1,1,2015-03-20,0734,Aqua,MODIS,46,6.2,303.1,6.3,D,0
27.174,84.927,321.9,1,1,2015-03-20,0734,Aqua,MODIS,58,6.2,305,10.8,D,0
27.587,87.2131,316.4,1,1,2015-03-20,0734,Aqua,MODIS,73,6.2,291.6,13.1,D,0
27.5884,87.2233,312.5,1,1,2015-03-20,0734,Aqua,MODIS,64,6.2,292.9,9.5,D,0
27.2837,87.835,323.4,1.1,1,2015-03-20,0734,Aqua,MODIS,77,6.2,305.5,13.2,D,0
27.2851,87.8454,324.6,1.1,1,2015-03-20,0734,Aqua,MODIS,80,6.2,305.4,15,D,0
26.9958,86.0229,316.9,1,1,2015-03-20,0734,Aqua,MODIS,50,6.2,302.2,6.2,D,0
27.1214,87.5748,328.8,1,1,2015-03-20,0734,Aqua,MODIS,80,6.2,307.7,17.3,D,0
27.1727,87.6241,322.5,1,1,2015-03-20,0734,Aqua,MODIS,69,6.2,306.3,11,D,0
27.5415,84.4362,321.1,1.1,1,2015-03-20,0734,Aqua,MODIS,67,6.2,298.7,13.1,D,0
26.7367,86.7883,324.9,1,1,2015-03-20,0734,Aqua,MODIS,74,6.2,303.7,12.2,D,0
27.5398,84.4256,324.1,1.1,1,2015-03-20,0734,Aqua,MODIS,77,6.2,298,15.9,D,0
27.5382,84.415,325.2,1.1,1,2015-03-20,0734,Aqua,MODIS,78,6.2,299.4,16.9,D,0
26.714,86.8229,322.7,1,1,2015-03-20,0734,Aqua,MODIS,70,6.2,303.6,10.6,D,0
26.73,86.8713,318.1,1,1,2015-03-20,0734,Aqua,MODIS,40,6.2,304.4,5.5,D,0
27.1305,87.5729,323.4,1,1,2015-03-20,0734,Aqua,MODIS,68,6.2,305.5,11.9,D,0
26.7381,86.7982,323.2,1,1,2015-03-20,0734,Aqua,MODIS,49,6.2,303.7,9.7,D,0
26.4285,87.2503,317.8,1.1,1.1,2015-03-21,0506,Terra,MODIS,62,6.2,303.1,7,D,0
27.5295,84.5109,312.5,3.1,1.7,2015-03-21,0817,Aqua,MODIS,39,6.2,296.8,28.9,D,0
27.5271,84.4878,315.3,3.1,1.7,2015-03-21,0817,Aqua,MODIS,58,6.2,296.8,40.4,D,0
27.5522,84.4257,317.7,3.4,1.7,2015-03-22,0548,Terra,MODIS,71,6.2,296.2,62.7,D,0
27.5449,84.4588,331.9,3.4,1.7,2015-03-22,0548,Terra,MODIS,85,6.2,295.9,158.2,D,0
27.5632,87.2206,333.1,1.1,1,2015-03-22,0722,Aqua,MODIS,87,6.2,296.3,31.4,D,0
27.5426,84.4453,337.2,1.5,1.2,2015-03-22,0722,Aqua,MODIS,88,6.2,298.1,58.5,D,0
26.7942,87.2743,323.1,1.1,1,2015-03-22,0722,Aqua,MODIS,63,6.2,304.1,11.2,D,0
27.5648,87.2311,322.9,1.1,1,2015-03-22,0722,Aqua,MODIS,79,6.2,295.3,16.9,D,0
27.1929,87.216,317.2,1.1,1,2015-03-22,0722,Aqua,MODIS,39,6.2,302.3,6.8,D,0
27.5453,84.4602,323.3,1.5,1.2,2015-03-22,0722,Aqua,MODIS,76,6.2,299.3,25.3,D,0
27.0035,87.187,322,1.1,1,2015-03-22,0722,Aqua,MODIS,72,6.2,303.7,10.5,D,0
27.5771,87.2017,372.1,1.1,1,2015-03-22,0722,Aqua,MODIS,94,6.2,296.5,136,D,0
27.0052,87.1972,320.5,1.1,1,2015-03-22,0722,Aqua,MODIS,60,6.2,303.4,8.9,D,0
27.5787,87.2115,322.6,1.1,1,2015-03-22,0722,Aqua,MODIS,80,6.2,294.1,19.1,D,0
27.0107,87.19,319.6,1.1,1,2015-03-22,0722,Aqua,MODIS,68,6.2,303,8.2,D,0
26.7548,86.8458,322,1.1,1.1,2015-03-22,0722,Aqua,MODIS,56,6.2,304.3,8.2,D,0
26.7925,87.2634,321.4,1.1,1,2015-03-22,0722,Aqua,MODIS,49,6.2,304,9.8,D,0
27.1902,87.6813,315.9,1.1,1,2015-03-22,0722,Aqua,MODIS,54,6.2,301.5,6.2,D,0
29.5805,81.458,307.3,2.2,1.4,2015-03-22,0723,Aqua,MODIS,44,6.2,290.6,25.2,D,0
27.7001,82.5182,310.5,1.2,1.1,2015-03-23,2012,Aqua,MODIS,80,6.2,294,11.7,N,0
27.6946,82.5207,314.8,1.5,1.2,2015-03-24,0536,Terra,MODIS,51,6.2,302.5,12.5,D,0
27.4911,87.338,306.7,1.4,1.2,2015-03-25,0441,Terra,MODIS,36,6.2,292.9,7.5,D,0
26.768,86.9601,318.8,1.6,1.3,2015-03-25,0752,Aqua,MODIS,39,6.2,301.8,10.9,D,0
27.1746,84.9355,328.1,1.3,1.1,2015-03-25,0753,Aqua,MODIS,78,6.2,303.3,22.4,D,0
27.5245,84.2093,325.6,1.2,1.1,2015-03-25,0753,Aqua,MODIS,76,6.2,300.1,19.3,D,0
27.5231,84.1973,324.6,1.2,1.1,2015-03-25,0753,Aqua,MODIS,75,6.2,298.7,18.6,D,0
27.2604,84.9659,321.2,1.3,1.1,2015-03-25,0753,Aqua,MODIS,66,6.2,302,12.6,D,0
26.9276,86.0207,328,1.7,1.3,2015-03-26,0524,Terra,MODIS,80,6.2,300.2,34.3,D,0
26.9299,86.0149,320.9,1.7,1.3,2015-03-26,0524,Terra,MODIS,71,6.2,300.1,15.9,D,0
26.9269,86.0315,324.7,1.7,1.3,2015-03-26,0524,Terra,MODIS,76,6.2,300.1,24.4,D,0
26.9244,86.0374,318.1,1.7,1.3,2015-03-26,0524,Terra,MODIS,47,6.2,300.5,11.9,D,0
26.6524,86.9363,315.9,2.8,1.6,2015-03-26,0657,Aqua,MODIS,67,6.2,296.3,24.2,D,0
27.2667,84.97,312.2,3.7,1.8,2015-03-26,0658,Aqua,MODIS,59,6.2,294.7,34.9,D,0
30.0232,80.7541,321.5,3.4,1.7,2015-03-27,0606,Terra,MODIS,76,6.2,288.4,117.6,D,0
30.0117,80.7499,317.2,3.4,1.7,2015-03-27,0606,Terra,MODIS,76,6.2,291.4,97.8,D,0
28.8792,80.0385,318.6,1.4,1.2,2015-03-28,0512,Terra,MODIS,69,6.2,302.3,14.7,D,0
28.8896,80.04,330.4,1.4,1.2,2015-03-28,0512,Terra,MODIS,83,6.2,302.1,34.6,D,0
27.2542,87.7023,326.9,1,1,2015-03-29,0728,Aqua,MODIS,76,6.2,304.3,14.5,D,0
27.1609,85.3181,322.6,1.1,1.1,2015-03-29,0728,Aqua,MODIS,75,6.2,298.9,13.5,D,0
27.1123,85.2581,323,1.1,1.1,2015-03-29,0728,Aqua,MODIS,76,6.2,300.6,14.4,D,0
27.1141,85.2694,319.3,1.1,1.1,2015-03-29,0728,Aqua,MODIS,66,6.2,299.7,9.9,D,0
26.7396,86.8966,319.4,1,1,2015-03-29,0728,Aqua,MODIS,50,6.2,300.7,7.4,D,0
27.0895,85.2673,325,1.6,1.3,2015-04-01,0759,Aqua,MODIS,76,6.2,302.7,25.1,D,0
27.1441,85.2541,315.5,1.6,1.3,2015-04-01,0759,Aqua,MODIS,56,6.2,300.5,10.2,D,0
27.008,85.3615,323.5,1.6,1.3,2015-04-01,0759,Aqua,MODIS,74,6.2,303.8,19.1,D,0
27.1285,85.3228,318,1.6,1.3,2015-04-01,0759,Aqua,MODIS,57,6.2,302.4,11.9,D,0
27.1302,85.3393,319.7,1.6,1.3,2015-04-01,0759,Aqua,MODIS,67,6.2,302.6,14.9,D,0
27.1328,85.2557,327.5,1.6,1.3,2015-04-01,0759,Aqua,MODIS,79,6.2,301,33.8,D,0
27.0878,85.2619,324.9,1.6,1.3,2015-04-01,0759,Aqua,MODIS,76,6.2,302.5,24.7,D,0
27.0849,85.3104,321.7,1.9,1.3,2015-04-02,0530,Terra,MODIS,73,6.2,300.7,25.9,D,0
27.0812,85.3293,318.8,1.9,1.4,2015-04-02,0530,Terra,MODIS,69,6.2,301.3,18.2,D,0
27.091,85.3125,317.9,2.8,1.6,2015-04-02,0704,Aqua,MODIS,67,6.2,298.6,30.3,D,0
27.1079,85.3037,316.4,2.8,1.6,2015-04-02,0704,Aqua,MODIS,50,6.2,297,26.1,D,0
27.6957,84.7641,314.2,1.1,1,2015-04-03,0747,Aqua,MODIS,66,6.2,287.2,9.8,D,0
27.6104,84.1901,319,1,1,2015-04-03,0747,Aqua,MODIS,71,6.2,296.4,11,D,0
27.609,84.1797,311.6,1,1,2015-04-03,0747,Aqua,MODIS,41,6.2,293.1,5.1,D,0
27.1445,85.2763,321.7,1,1,2015-04-05,0734,Aqua,MODIS,72,6.2,303.8,10.1,D,0
27.7583,83.8063,316.3,1.1,1,2015-04-06,0506,Terra,MODIS,65,6.2,299.5,9.2,D,0
27.1623,87.9484,308.4,1,1,2015-04-07,0722,Aqua,MODIS,37,6.2,292.6,6.1,D,0
27.6942,82.486,303.5,1,1,2015-04-07,1647,Terra,MODIS,56,6.2,293.3,5.3,N,0
27.0084,85.7296,320.3,2.3,1.5,2015-04-08,0805,Aqua,MODIS,62,6.2,305.1,25.5,D,0
27.2329,84.8315,321.5,2,1.4,2015-04-08,0805,Aqua,MODIS,55,6.2,304.8,23.8,D,0
27.145,85.2673,328.1,2.1,1.4,2015-04-08,0805,Aqua,MODIS,76,6.2,305.4,46.1,D,0
27.1464,85.2596,325.9,2.1,1.4,2015-04-08,0805,Aqua,MODIS,73,6.2,305.6,40.1,D,0
27.9552,82.3829,315.1,1.5,1.2,2015-04-09,0536,Terra,MODIS,51,6.2,303.4,8.5,D,0
27.2304,85.0029,320.3,2.3,1.5,2015-04-09,0536,Terra,MODIS,69,6.2,305.3,31.7,D,0
27.9603,82.3924,318.7,1.5,1.2,2015-04-09,0536,Terra,MODIS,65,6.2,304.7,14.6,D,0
27.5309,84.2943,318.4,2.5,1.5,2015-04-09,0710,Aqua,MODIS,68,6.2,302.2,31.9,D,0
26.9721,87.1595,322.6,1.6,1.3,2015-04-09,0710,Aqua,MODIS,71,6.2,304.7,21.4,D,0
27.5385,84.2854,318,2.5,1.5,2015-04-09,0710,Aqua,MODIS,38,6.2,302.5,26.9,D,0
26.7324,86.7423,320.2,1.7,1.3,2015-04-09,0710,Aqua,MODIS,45,6.2,307.7,14.9,D,0
27.3401,84.7347,315.5,2.3,1.5,2015-04-09,0710,Aqua,MODIS,56,6.2,303.8,20,D,0
26.8268,86.7337,308,1.1,1,2015-04-09,1634,Terra,MODIS,73,6.2,295,7.5,N,0
26.8555,87.0097,321.9,1.4,1.2,2015-04-10,0441,Terra,MODIS,63,6.2,304.8,16.2,D,0
27.2443,84.9865,328.3,2,1.4,2015-04-10,0441,Terra,MODIS,78,6.2,303.7,47.7,D,0
26.7927,87.6275,318,1.3,1.1,2015-04-10,0441,Terra,MODIS,34,6.2,304.4,8.9,D,0
27.232,84.9848,327.3,2,1.4,2015-04-10,0441,Terra,MODIS,77,6.2,305,44.7,D,0
27.2423,85.0063,320.8,2,1.4,2015-04-10,0441,Terra,MODIS,66,6.2,304.4,24.7,D,0
27.0851,85.9221,325.2,1.4,1.2,2015-04-10,0753,Aqua,MODIS,69,6.2,308.4,19.6,D,0
27.1776,85.1478,328.6,1.3,1.1,2015-04-10,0753,Aqua,MODIS,49,6.2,307.6,19.1,D,0
27.1497,85.0862,332.7,1.3,1.1,2015-04-10,0753,Aqua,MODIS,75,6.2,308.8,24.9,D,0
27.1046,86.7075,322.7,1.6,1.3,2015-04-10,0753,Aqua,MODIS,66,6.2,307.3,13.3,D,0
26.8489,86.9957,321,1.7,1.3,2015-04-10,0753,Aqua,MODIS,47,6.2,304,16.1,D,0
26.9926,87.1611,319.6,1.7,1.3,2015-04-10,0753,Aqua,MODIS,22,6.2,301,14.5,D,0
26.7025,87.1176,325.7,1.7,1.3,2015-04-10,0753,Aqua,MODIS,71,6.2,304.5,22.9,D,0
27.1915,84.9313,327.9,1.3,1.1,2015-04-10,0753,Aqua,MODIS,72,6.2,309,15.9,D,0
28.229,84.3378,315,1.2,1.1,2015-04-10,0753,Aqua,MODIS,44,6.2,297.9,8.6,D,0
27.3196,84.8911,321.9,1.3,1.1,2015-04-10,0753,Aqua,MODIS,61,6.2,306.2,12.6,D,0
27.5991,84.4222,325.1,1.2,1.1,2015-04-10,0753,Aqua,MODIS,43,6.2,306,13.6,D,0
27.259,84.9852,324.9,1.3,1.1,2015-04-10,0753,Aqua,MODIS,61,6.2,307.4,12.6,D,0
27.2275,84.9773,329.5,1.3,1.1,2015-04-10,0753,Aqua,MODIS,71,6.2,310.1,19.9,D,0
27.2575,84.9725,326.2,1.3,1.1,2015-04-10,0753,Aqua,MODIS,49,6.2,308.3,14.6,D,0
27.2827,84.9228,320.2,1.3,1.1,2015-04-10,0753,Aqua,MODIS,54,6.2,306.7,10.2,D,0
26.8713,86.3613,323.2,1.5,1.2,2015-04-10,0753,Aqua,MODIS,45,6.2,307.9,11.6,D,0
27.0282,86.0404,326.8,1.5,1.2,2015-04-10,0753,Aqua,MODIS,70,6.2,307.3,19.8,D,0
27.0342,86.048,326.9,1.5,1.2,2015-04-10,0753,Aqua,MODIS,72,6.2,308.8,21,D,0
27.2566,84.7868,334,1.2,1.1,2015-04-10,0753,Aqua,MODIS,82,6.2,308,29.8,D,0
27.258,84.7992,341.1,1.2,1.1,2015-04-10,0753,Aqua,MODIS,88,6.2,307.5,44.9,D,0
27.1595,85.257,324.8,1.3,1.1,2015-04-10,0753,Aqua,MODIS,67,6.2,308.9,14.7,D,0
27.161,85.2702,325.4,1.3,1.1,2015-04-10,0753,Aqua,MODIS,68,6.2,308.1,15.5,D,0
27.1119,85.2844,327.9,1.3,1.1,2015-04-10,0753,Aqua,MODIS,73,6.2,309.8,16.2,D,0
27.2496,84.8133,330.3,1.2,1.1,2015-04-10,0753,Aqua,MODIS,55,6.2,309.3,22.3,D,0
27.251,84.8257,330,1.3,1.1,2015-04-10,0753,Aqua,MODIS,68,6.2,307.9,22.5,D,0
27.2491,84.8201,337.1,1.2,1.1,2015-04-10,0753,Aqua,MODIS,84,6.2,309.2,36.2,D,0
26.802,86.725,310.3,1,1,2015-04-10,2000,Aqua,MODIS,80,6.2,293.3,10,N,0
27.3024,84.8912,322.4,1.4,1.2,2015-04-11,0524,Terra,MODIS,36,6.2,304.5,16.6,D,0
27.9395,82.3901,324.4,1.1,1,2015-04-11,0524,Terra,MODIS,72,6.2,307.8,11.1,D,0
27.7479,82.3731,323.3,1.1,1,2015-04-11,0524,Terra,MODIS,59,6.2,310.7,8.6,D,0
27.2718,84.9427,328.1,1.4,1.2,2015-04-11,0524,Terra,MODIS,55,6.2,304,25.6,D,0
27.3076,84.8986,328,1.4,1.2,2015-04-11,0524,Terra,MODIS,75,6.2,303.5,26.9,D,0
27.3,84.905,325.6,1.4,1.2,2015-04-11,0524,Terra,MODIS,64,6.2,303.5,23,D,0
27.7462,82.3836,324.1,1.1,1,2015-04-11,0524,Terra,MODIS,56,6.2,311,9.9,D,0
27.2706,84.8275,320.8,1.4,1.2,2015-04-11,0524,Terra,MODIS,62,6.2,304.2,14.6,D,0
27.2355,84.9642,330,1.4,1.2,2015-04-11,0524,Terra,MODIS,76,6.2,307.2,27.3,D,0
27.2405,84.9362,335,1.4,1.2,2015-04-11,0524,Terra,MODIS,85,6.2,306.2,39.4,D,0
27.2434,84.9805,328.7,1.4,1.2,2015-04-11,0524,Terra,MODIS,79,6.2,306.1,25,D,0
27.2459,84.9664,325.2,1.4,1.2,2015-04-11,0524,Terra,MODIS,64,6.2,305.4,17.7,D,0
27.2613,84.9405,367.5,1.4,1.2,2015-04-11,0524,Terra,MODIS,100,6.2,308.5,160.2,D,0
27.273,84.8138,337,1.4,1.2,2015-04-11,0524,Terra,MODIS,86,6.2,305.2,47.5,D,0
27.9884,82.2593,321.3,1,1,2015-04-11,0524,Terra,MODIS,65,6.2,308.9,8.3,D,0
27.2638,84.9266,342.8,1.4,1.2,2015-04-11,0524,Terra,MODIS,90,6.2,305.7,62.1,D,0
27.2693,84.9567,328.5,1.4,1.2,2015-04-11,0524,Terra,MODIS,60,6.2,304.6,25.9,D,0
27.2403,84.9376,317.5,3.7,1.8,2015-04-11,0658,Aqua,MODIS,54,6.2,300.3,45.3,D,0
27.2562,84.9336,316,3.7,1.8,2015-04-11,0658,Aqua,MODIS,24,6.2,300.3,37.5,D,0
27.2327,84.9434,316.4,3.7,1.8,2015-04-11,0658,Aqua,MODIS,34,6.2,301.1,37.1,D,0
27.2787,84.8098,313.9,3.8,1.8,2015-04-11,0658,Aqua,MODIS,58,6.2,299.9,33.8,D,0
27.2864,84.8899,309.1,1.2,1.1,2015-04-11,1622,Terra,MODIS,68,6.2,286.4,12.4,N,0
27.2845,84.8781,304,1.2,1.1,2015-04-11,1622,Terra,MODIS,49,6.2,284.7,8.5,N,0
27.0426,86.3885,307.8,1,1,2015-04-11,1622,Terra,MODIS,57,6.2,285.9,10.1,N,0
26.9045,87.5031,304.2,1,1,2015-04-11,1622,Terra,MODIS,59,6.2,282.2,7.9,N,0
27.2541,85.4417,304.9,1.1,1.1,2015-04-11,1622,Terra,MODIS,62,6.2,292.8,6.9,N,0
27.5288,84.3377,318.8,1.9,1.4,2015-04-16,0716,Aqua,MODIS,66,6.2,299.2,23.7,D,0
27.1804,85.2648,309,1.1,1,2015-04-16,1640,Terra,MODIS,76,6.2,293.7,8,N,0
27.1133,87.2947,328.9,1.2,1.1,2015-04-17,0447,Terra,MODIS,82,6.2,301.5,21.3,D,0
27.1149,87.2826,326.8,1.2,1.1,2015-04-17,0447,Terra,MODIS,80,6.2,302,17.3,D,0
27.2509,84.8838,320.4,1.6,1.2,2015-04-17,0447,Terra,MODIS,64,6.2,297.2,18.4,D,0
27.1683,84.7676,325.7,1.1,1,2015-04-19,0747,Aqua,MODIS,69,6.2,305.7,9.7,D,0
27.2289,85.0883,328,1.1,1,2015-04-19,0747,Aqua,MODIS,75,6.2,301.6,19,D,0
27.1157,84.8614,315.6,4.8,2,2015-04-20,0652,Aqua,MODIS,64,6.2,293.5,49.8,D,0
27.9496,82.3243,331.8,1.2,1.1,2015-04-22,0505,Terra,MODIS,79,6.2,312.2,22,D,0
27.0874,86.4276,316.8,1,1,2015-04-22,0505,Terra,MODIS,63,6.2,299.2,8.7,D,0
27.9688,82.2897,310.6,1,1,2015-04-23,1647,Terra,MODIS,59,6.2,296.9,7.8,N,0
27.9764,82.2778,309.7,1,1,2015-04-23,1647,Terra,MODIS,48,6.2,296.9,7.2,N,0
27.0896,85.0599,318.5,1.2,1.1,2015-04-24,0453,Terra,MODIS,55,6.2,298.4,8.1,D,0
28.3302,81.3503,328.8,1.2,1.1,2015-04-24,0806,Aqua,MODIS,73,6.2,305,18.7,D,0
28.608,80.4626,309.5,1.3,1.1,2015-04-25,1635,Terra,MODIS,77,6.2,291.4,13.4,N,0
29.7596,81.7191,304.8,1,1,2015-04-27,0523,Terra,MODIS,22,6.2,290.7,4.6,D,0
28.2887,81.7419,323.4,1,1,2015-04-27,0524,Terra,MODIS,68,6.2,300.5,13,D,0
28.5158,81.032,329.2,1,1,2015-04-27,0524,Terra,MODIS,79,6.2,305.1,12.3,D,0
28.4872,80.8802,317.3,3.1,1.7,2015-05-03,0447,Terra,MODIS,42,6.2,303.9,33.9,D,0
28.5558,81.0174,329.5,1,1,2015-05-03,0800,Aqua,MODIS,75,6.2,313.9,8.7,D,0
28.4376,81.3933,322.6,1.1,1,2015-05-03,0800,Aqua,MODIS,49,6.2,310.2,7.5,D,0
28.6073,80.883,322.7,1,1,2015-05-04,0530,Terra,MODIS,62,6.2,307.7,8.7,D,0
27.8915,85.2668,307,1,1,2015-05-04,1629,Terra,MODIS,70,6.2,291.5,7.7,N,0
28.5737,80.8713,337.6,1.1,1,2015-05-05,0747,Aqua,MODIS,85,6.2,310.6,26.1,D,0
27.4801,87.7528,318.6,1.5,1.2,2015-05-05,0747,Aqua,MODIS,70,6.2,296.1,21,D,0
28.6837,81.1565,322.7,1,1,2015-05-05,0747,Aqua,MODIS,66,6.2,310.5,6.5,D,0
27.5414,84.5983,329.6,1.1,1,2015-05-05,0747,Aqua,MODIS,76,6.2,305.1,20,D,0
27.8482,82.2281,325.1,1,1,2015-05-05,0747,Aqua,MODIS,53,6.2,311.3,9.3,D,0
27.1773,85.1079,326.5,1.1,1,2015-05-05,0747,Aqua,MODIS,68,6.2,311.1,12.2,D,0
27.9372,82.3975,345.8,1,1,2015-05-05,0747,Aqua,MODIS,91,6.2,313.2,36.5,D,0
28.532,80.8974,325.5,1.1,1,2015-05-05,0747,Aqua,MODIS,60,6.2,312.2,8.2,D,0
27.6351,83.6479,328.1,1,1,2015-05-05,0747,Aqua,MODIS,68,6.2,309.7,13.1,D,0
27.7386,84.7034,319.1,1.1,1,2015-05-05,0747,Aqua,MODIS,42,6.2,303.8,9.1,D,0
28.5754,80.8821,327.8,1.1,1,2015-05-05,0747,Aqua,MODIS,71,6.2,309.4,12.3,D,0
28.5,81.3459,325.6,1,1,2015-05-05,0747,Aqua,MODIS,72,6.2,310.2,10.8,D,0
27.533,87.8191,316.7,1.6,1.2,2015-05-05,0747,Aqua,MODIS,61,6.2,296.8,17.9,D,0
27.5308,87.8105,315.2,1.6,1.2,2015-05-05,0747,Aqua,MODIS,63,6.2,298.1,15.9,D,0
28.5437,80.8507,330.3,1.1,1,2015-05-05,0747,Aqua,MODIS,77,6.2,311.5,13.4,D,0
28.552,80.8535,327.5,1.1,1,2015-05-05,0747,Aqua,MODIS,55,6.2,312.6,12.4,D,0
28.572,80.8606,332.1,1.1,1,2015-05-05,0747,Aqua,MODIS,60,6.2,311.2,16.7,D,0
28.3843,81.4807,309.6,2,1.4,2015-05-05,1712,Terra,MODIS,78,6.2,298.8,18.8,N,0
27.7693,84.0225,316,1.1,1,2015-05-06,0518,Terra,MODIS,51,6.2,300.6,8.2,D,0
27.9597,82.434,324.7,1,1,2015-05-06,0518,Terra,MODIS,70,6.2,307.7,9.7,D,0
27.5198,84.6505,316.1,1.1,1.1,2015-05-06,0518,Terra,MODIS,60,6.2,302.6,7.6,D,0
28.8087,80.4507,329.1,1.1,1,2015-05-06,0518,Terra,MODIS,75,6.2,307.9,15.9,D,0
26.9462,87.3669,327,1,1,2015-05-07,0735,Aqua,MODIS,76,6.2,306.2,9.6,D,0
27.9486,82.4266,322.8,1.3,1.1,2015-05-07,0735,Aqua,MODIS,66,6.2,306.7,9.3,D,0
27.9666,81.999,326,1.3,1.1,2015-05-07,0735,Aqua,MODIS,71,6.2,305.4,18.6,D,0
27.2629,84.8726,332.4,1,1,2015-05-07,0735,Aqua,MODIS,84,6.2,297.8,23.7,D,0
27.2613,84.8623,333.8,1,1,2015-05-07,0735,Aqua,MODIS,85,6.2,300.6,25.6,D,0
27.9029,81.7939,323.6,1.3,1.1,2015-05-08,0506,Terra,MODIS,70,6.2,298.1,12.7,D,0
27.9047,81.7877,324,1.3,1.1,2015-05-08,0506,Terra,MODIS,70,6.2,298.3,13.3,D,0
27.33,84.8362,318,1.4,1.2,2015-05-09,0722,Aqua,MODIS,39,6.2,296.1,14.5,D,0
27.5547,87.1727,307.4,1.1,1,2015-05-09,0722,Aqua,MODIS,43,6.2,288.7,7.1,D,0
28.8001,80.9113,322.4,1.2,1.1,2015-05-10,0806,Aqua,MODIS,32,6.2,304.6,9.1,D,0
28.9981,80.7529,317.2,1.2,1.1,2015-05-11,0536,Terra,MODIS,61,6.2,299.8,8.9,D,0
26.9335,86.6037,320.2,1.6,1.2,2015-05-12,0753,Aqua,MODIS,66,6.2,296.1,19.3,D,0
27.5058,84.2689,320.2,1.2,1.1,2015-05-12,0753,Aqua,MODIS,25,6.2,300.2,7.5,D,0
27.5155,84.2674,322.5,1.2,1.1,2015-05-12,0753,Aqua,MODIS,44,6.2,303.1,10.3,D,0
27.6207,86.075,317.9,1,1,2015-05-13,1623,Terra,MODIS,96,6.2,291.2,17.1,N,0
27.6223,86.0856,300.8,1,1,2015-05-13,1623,Terra,MODIS,34,6.2,290.6,4.5,N,0
29.0531,81.1155,323.1,1.2,1.1,2015-05-15,0512,Terra,MODIS,72,6.2,306.9,12,D,0
27.1514,86.634,325.1,1,1,2015-05-16,0728,Aqua,MODIS,69,6.2,302.2,8.2,D,0
28.1535,82.6871,321.9,1.3,1.1,2015-05-20,0530,Terra,MODIS,59,6.2,300.5,13.3,D,0
28.597,80.8346,327.2,1.1,1,2015-05-21,0747,Aqua,MODIS,29,6.2,313.4,7.8,D,0
28.8194,80.4302,330.9,1.1,1,2015-05-21,0747,Aqua,MODIS,56,6.2,312.2,13.5,D,0
28.8287,80.4282,330.1,1.1,1,2015-05-21,0747,Aqua,MODIS,50,6.2,314.2,12.2,D,0
28.8305,80.4394,329.4,1.1,1,2015-05-21,0747,Aqua,MODIS,52,6.2,313.8,12.5,D,0
28.546,81.346,328.9,1,1,2015-05-21,0747,Aqua,MODIS,77,6.2,310.6,12.5,D,0
28.6279,80.8506,328.4,1.1,1,2015-05-21,0747,Aqua,MODIS,74,6.2,310.9,12,D,0
28.8147,81.0456,316.3,1.1,1,2015-05-21,0747,Aqua,MODIS,40,6.2,303.8,5.3,D,0
28.6438,80.7295,332.9,1.1,1,2015-05-21,0747,Aqua,MODIS,80,6.2,313.9,16.4,D,0
29.024,80.3,313.1,1.7,1.3,2015-05-21,1712,Terra,MODIS,86,6.2,300.8,17.1,N,0
29.0261,80.3051,313.2,1.7,1.3,2015-05-21,1712,Terra,MODIS,87,6.2,300.6,16.5,N,0
29.0731,80.646,327.5,1.1,1,2015-05-22,0518,Terra,MODIS,72,6.2,312.5,11.8,D,0
28.6604,81.5089,331.5,1,1,2015-05-22,0518,Terra,MODIS,77,6.2,311.1,17.4,D,0
29.1884,80.4685,326.8,1.1,1,2015-05-22,0518,Terra,MODIS,70,6.2,310.4,14.3,D,0
29.187,80.4792,326.2,1.1,1,2015-05-22,0518,Terra,MODIS,71,6.2,311.1,12.6,D,0
28.0697,82.1621,327.6,1,1,2015-05-22,0518,Terra,MODIS,56,6.2,313.6,10.8,D,0
27.1343,85.1342,320.3,1.2,1.1,2015-05-22,0518,Terra,MODIS,42,6.2,306.4,10.4,D,0
28.76,80.4523,329.6,1.1,1,2015-05-22,0518,Terra,MODIS,65,6.2,316.1,8.9,D,0
28.8721,80.0531,331.6,2.6,1.5,2015-05-22,0830,Aqua,MODIS,66,6.2,315.6,57.2,D,0
28.3259,81.9511,306.7,1.1,1.1,2015-05-22,2036,Aqua,MODIS,69,6.2,296.3,7.6,N,0
28.388,81.4548,310.8,1.1,1,2015-05-22,2036,Aqua,MODIS,61,6.2,300.3,8.1,N,0
28.7,80.7129,326.6,1.6,1.2,2015-05-23,0735,Aqua,MODIS,51,6.2,307.6,16.5,D,0
28.2323,82.9994,318.6,1.2,1.1,2015-05-23,0735,Aqua,MODIS,48,6.2,305.1,9.6,D,0
28.1523,82.0458,326.8,1.3,1.1,2015-05-23,0735,Aqua,MODIS,70,6.2,310.3,16.7,D,0
28.2119,81.7995,330.1,1.4,1.2,2015-05-23,0735,Aqua,MODIS,68,6.2,309.8,22.1,D,0
27.9669,81.9853,336.7,1.4,1.2,2015-05-23,0735,Aqua,MODIS,83,6.2,312,33.2,D,0
27.977,81.983,326.2,1.4,1.2,2015-05-23,0735,Aqua,MODIS,45,6.2,308.7,11.9,D,0
28.3762,81.68,328.4,1.4,1.2,2015-05-23,0735,Aqua,MODIS,73,6.2,310.1,22.4,D,0
28.4367,81.7812,327.8,1.4,1.2,2015-05-23,0735,Aqua,MODIS,70,6.2,313.8,15.1,D,0
28.5007,81.6751,324.9,1.4,1.2,2015-05-23,0735,Aqua,MODIS,65,6.2,310.4,13.7,D,0
28.4981,81.6606,327.5,1.4,1.2,2015-05-23,0735,Aqua,MODIS,71,6.2,312.5,19.4,D,0
28.5148,81.3552,322.4,1.4,1.2,2015-05-23,0735,Aqua,MODIS,54,6.2,309.6,11.2,D,0
28.6891,80.7155,326.7,1.6,1.2,2015-05-23,0735,Aqua,MODIS,49,6.2,308.8,16.4,D,0
28.5436,81.3333,322.4,1.4,1.2,2015-05-23,0735,Aqua,MODIS,54,6.2,309.9,10.5,D,0
28.3298,81.9397,320.8,1.3,1.1,2015-05-23,0735,Aqua,MODIS,43,6.2,306.6,8.9,D,0
28.3256,81.575,312.1,1.3,1.1,2015-05-23,1700,Terra,MODIS,82,6.2,301.5,8.5,N,0
28.7177,81.3657,310.3,1.2,1.1,2015-05-23,1700,Terra,MODIS,80,6.2,298.4,8.3,N,0
28.7292,81.3774,313,1.3,1.1,2015-05-23,1700,Terra,MODIS,86,6.2,298.7,11.6,N,0
29.0978,80.7924,301.9,1.2,1.1,2015-05-23,1700,Terra,MODIS,45,6.2,291.6,5.4,N,0
28.3339,81.8223,308.6,1.3,1.1,2015-05-23,1700,Terra,MODIS,69,6.2,298,7.8,N,0
28.7192,81.3787,308.9,1.3,1.1,2015-05-23,1700,Terra,MODIS,76,6.2,298.4,7.3,N,0
28.6199,81.3108,311.6,1.2,1.1,2015-05-23,1700,Terra,MODIS,73,6.2,301.3,8,N,0
28.3281,81.771,321.7,1.3,1.1,2015-05-24,0506,Terra,MODIS,55,6.2,304.5,10.2,D,0
28.1408,82.0538,320.1,1.3,1.1,2015-05-24,0506,Terra,MODIS,26,6.2,304.8,7.1,D,0
27.7916,84.0468,327.8,1,1,2015-05-24,0506,Terra,MODIS,78,6.2,300.5,17.7,D,0
27.793,84.0363,341,1,1,2015-05-24,0506,Terra,MODIS,89,6.2,304.4,37.9,D,0
28.5331,81.4132,320.3,1.4,1.2,2015-05-24,0506,Terra,MODIS,49,6.2,303.5,10.5,D,0
28.6347,80.8194,330.8,1.5,1.2,2015-05-24,0506,Terra,MODIS,74,6.2,308.1,24.7,D,0
27.2635,84.787,325.4,1,1,2015-05-24,0506,Terra,MODIS,71,6.2,303.5,12.1,D,0
28.6263,80.825,326.3,1.5,1.2,2015-05-24,0506,Terra,MODIS,45,6.2,307.1,14.7,D,0
29.3033,80.8757,319.4,1.5,1.2,2015-05-24,0506,Terra,MODIS,54,6.2,302.8,10.4,D,0
27.2725,84.7886,318.9,1,1,2015-05-24,0506,Terra,MODIS,50,6.2,302.8,5.7,D,0
28.2114,81.8105,323.7,2,1.4,2015-05-24,0818,Aqua,MODIS,38,6.2,306.9,23.9,D,0
28.2213,81.8158,331.2,2,1.4,2015-05-24,0818,Aqua,MODIS,72,6.2,306.8,48.3,D,0
28.5255,81.3489,324.4,1.9,1.4,2015-05-24,0818,Aqua,MODIS,58,6.2,307.8,21.1,D,0
28.2238,81.8085,328.3,2,1.4,2015-05-24,0818,Aqua,MODIS,66,6.2,307.1,37.9,D,0
28.5415,81.4116,311.4,1,1,2015-05-24,2024,Aqua,MODIS,74,6.2,299.6,6.2,N,0
28.7093,81.1363,320.1,1,1,2015-05-24,2024,Aqua,MODIS,100,6.2,302.3,13.9,N,0
28.3467,81.5551,310.8,1,1,2015-05-24,2024,Aqua,MODIS,41,6.2,297.8,5.8,N,0
27.9663,82.4726,308.1,1,1,2015-05-24,2024,Aqua,MODIS,72,6.2,295.6,6.1,N,0
28.6541,81.267,310.2,1,1,2015-05-24,2024,Aqua,MODIS,68,6.2,299.1,6.2,N,0
28.0276,82.8683,305.5,1,1,2015-05-24,2024,Aqua,MODIS,64,6.2,293.5,6.1,N,0
29.0744,80.6641,300.1,1.1,1,2015-05-24,2024,Aqua,MODIS,17,6.2,290,4.1,N,0
28.6108,81.3122,315,1,1,2015-05-24,2024,Aqua,MODIS,90,6.2,301.5,8.5,N,0
28.5361,81.6519,321.3,2.1,1.4,2015-05-25,0549,Terra,MODIS,69,6.2,305.1,23,D,0
29.072,80.6174,316.8,1.7,1.3,2015-05-25,0549,Terra,MODIS,62,6.2,301.8,13.8,D,0
28.3766,82.219,322.2,2,1.4,2015-05-25,0722,Aqua,MODIS,53,6.2,304.2,28.2,D,0
29.2158,80.8477,305.3,1,1,2015-05-25,1648,Terra,MODIS,64,6.2,294.2,5.4,N,0
29.2454,80.8629,306.3,1,1,2015-05-25,1648,Terra,MODIS,67,6.2,295.4,5.4,N,0
29.309,80.8554,311.7,1,1,2015-05-25,1648,Terra,MODIS,83,6.2,296.2,8.8,N,0
29.0769,80.463,307.1,1,1,2015-05-25,1648,Terra,MODIS,70,6.2,296.9,5.2,N,0
28.7092,81.345,323.3,1.2,1.1,2015-05-26,0805,Aqua,MODIS,34,6.2,305.8,8.3,D,0
28.531,81.2986,323,1.2,1.1,2015-05-26,0805,Aqua,MODIS,47,6.2,303.1,9.1,D,0
29.3014,80.857,323.9,1.2,1.1,2015-05-26,0806,Aqua,MODIS,65,6.2,306.8,8.4,D,0
28.9076,80.1653,326.1,1.1,1,2015-05-26,0806,Aqua,MODIS,17,6.2,308.3,9,D,0
29.183,80.4684,322.5,1.1,1.1,2015-05-26,0806,Aqua,MODIS,54,6.2,305.4,10.5,D,0
29.075,80.6059,324,1.2,1.1,2015-05-26,0806,Aqua,MODIS,58,6.2,306.1,10,D,0
29.079,80.6113,328.6,1.2,1.1,2015-05-26,0806,Aqua,MODIS,73,6.2,304.8,18,D,0
29.0777,80.5999,326.4,1.2,1.1,2015-05-26,0806,Aqua,MODIS,69,6.2,305,14.5,D,0
29.0885,80.6092,335.7,1.2,1.1,2015-05-26,0806,Aqua,MODIS,83,6.2,304.1,30,D,0
28.9005,80.1827,323.6,1.1,1.1,2015-05-27,0536,Terra,MODIS,52,6.2,305.6,10.7,D,0
28.9228,80.1642,327.3,1.1,1.1,2015-05-27,0536,Terra,MODIS,63,6.2,305.3,13.9,D,0
28.8099,80.4624,326.9,1.1,1.1,2015-05-27,0536,Terra,MODIS,74,6.2,307.5,12.6,D,0
28.5924,81.5533,323.7,1.3,1.1,2015-05-27,0536,Terra,MODIS,74,6.2,308.4,12.8,D,0
28.3474,81.8858,319.2,1.4,1.2,2015-05-27,0537,Terra,MODIS,41,6.2,306,9.7,D,0
28.3281,81.5322,321.9,1.3,1.1,2015-05-27,0537,Terra,MODIS,67,6.2,304.9,9.9,D,0
30.0423,81.5793,317.4,3.3,1.7,2015-05-27,0711,Aqua,MODIS,52,6.2,292.4,71.1,D,0
30.0389,81.5771,318.1,3.3,1.7,2015-05-27,0711,Aqua,MODIS,74,6.2,291.5,78.9,D,0
28.81,82.315,316.5,1,1,2015-05-28,0753,Aqua,MODIS,23,6.2,292.2,7.8,D,0
28.5098,81.2728,321.7,1,1,2015-05-28,0753,Aqua,MODIS,28,6.2,302.5,9.2,D,0
28.3064,81.5983,328.6,1,1,2015-05-28,0753,Aqua,MODIS,64,6.2,310.9,9.7,D,0
28.3032,81.6404,327,1,1,2015-05-28,0753,Aqua,MODIS,60,6.2,308.6,7.5,D,0
28.7969,81.1601,324.1,1,1,2015-05-28,0753,Aqua,MODIS,66,6.2,308.9,7.7,D,0
28.7329,81.3539,330,1,1,2015-05-28,0753,Aqua,MODIS,76,6.2,307.9,14.3,D,0
28.1658,81.8436,333.7,1,1,2015-05-28,0753,Aqua,MODIS,77,6.2,307.7,18.4,D,0
28.7343,81.3641,335.7,1,1,2015-05-28,0753,Aqua,MODIS,83,6.2,306.9,22.5,D,0
28.8067,81.2933,323.6,1,1,2015-05-28,0753,Aqua,MODIS,57,6.2,308.7,6.7,D,0
29.0266,80.267,323.5,1,1,2015-05-28,0753,Aqua,MODIS,67,6.2,310.4,8.3,D,0
28.815,80.4567,328.6,1,1,2015-05-28,0753,Aqua,MODIS,67,6.2,311.8,8.8,D,0
28.8976,80.2025,336.3,1,1,2015-05-28,0753,Aqua,MODIS,53,6.2,313.5,18.5,D,0
28.8914,80.1614,337,1,1,2015-05-28,0753,Aqua,MODIS,75,6.2,311.1,23.8,D,0
28.9139,80.1887,344.8,1,1,2015-05-28,0753,Aqua,MODIS,91,6.2,312.7,33.4,D,0
28.9124,80.1784,336.6,1,1,2015-05-28,0753,Aqua,MODIS,84,6.2,313,20.3,D,0
28.7668,80.4402,325.5,1,1,2015-05-28,0753,Aqua,MODIS,63,6.2,308.9,5.7,D,0
28.7388,82.2043,319.9,1,1,2015-05-29,0524,Terra,MODIS,15,6.2,302.6,8.8,D,0
28.8862,80.1646,330,1,1,2015-05-29,0524,Terra,MODIS,53,6.2,307.1,15.2,D,0
29.2317,80.3264,319.2,1,1,2015-05-29,0524,Terra,MODIS,56,6.2,303.8,6.7,D,0
28.526,81.4278,323.6,1,1,2015-05-29,0524,Terra,MODIS,65,6.2,305.7,9.1,D,0
29.0068,80.483,327.7,1,1,2015-05-29,0524,Terra,MODIS,74,6.2,306.1,14.1,D,0
28.8772,80.163,326.1,1,1,2015-05-29,0524,Terra,MODIS,36,6.2,305.7,11.6,D,0
28.3003,81.8751,324.3,1,1,2015-05-29,0524,Terra,MODIS,66,6.2,305.3,10.3,D,0
29.0839,80.5132,308,1.1,1.1,2015-05-29,2042,Aqua,MODIS,73,6.2,295.1,8.3,N,0
29.0307,80.508,312.6,1.1,1.1,2015-05-29,2042,Aqua,MODIS,85,6.2,295.2,11.9,N,0
29.0348,80.5146,308.3,1.1,1.1,2015-05-29,2042,Aqua,MODIS,74,6.2,295.1,8.2,N,0
29.0257,80.5135,323.5,3.5,1.8,2015-05-30,0607,Terra,MODIS,67,6.2,298.8,91.5,D,0
29.0347,80.523,320,3.5,1.8,2015-05-30,0607,Terra,MODIS,42,6.2,296.4,68.6,D,0
28.3321,81.5134,325.3,1.2,1.1,2015-05-30,0741,Aqua,MODIS,63,6.2,308.8,8.5,D,0
28.3302,81.5017,327.8,1.2,1.1,2015-05-30,0741,Aqua,MODIS,69,6.2,308.2,12.3,D,0
28.532,81.4234,325.8,1.2,1.1,2015-05-30,0741,Aqua,MODIS,53,6.2,307.5,11.9,D,0
29.0785,80.5055,320.8,1.3,1.1,2015-05-30,0741,Aqua,MODIS,41,6.2,303,11,D,0
28.6646,81.7875,321.9,1.1,1.1,2015-05-30,0741,Aqua,MODIS,60,6.2,306.4,9.3,D,0
28.5341,81.436,324.4,1.2,1.1,2015-05-30,0741,Aqua,MODIS,34,6.2,306.5,11.2,D,0
28.8675,80.176,330.3,1.3,1.1,2015-05-30,0741,Aqua,MODIS,41,6.2,309.4,21.4,D,0
28.9357,80.1538,337.2,1.3,1.1,2015-05-30,0741,Aqua,MODIS,84,6.2,308.4,34,D,0
28.9632,80.5536,321.3,1.3,1.1,2015-05-30,0741,Aqua,MODIS,40,6.2,306,10.5,D,0
28.8581,80.3035,333.2,1.3,1.1,2015-05-30,0741,Aqua,MODIS,69,6.2,309.4,25.4,D,0
28.8457,80.2925,325.6,1.3,1.1,2015-05-30,0741,Aqua,MODIS,53,6.2,309.1,14.6,D,0
27.545,84.1802,319.2,1,1,2015-05-30,0741,Aqua,MODIS,55,6.2,300.6,8.4,D,0
28.862,80.2053,326,1.3,1.1,2015-05-30,0741,Aqua,MODIS,31,6.2,309.8,15.9,D,0
29.0281,80.5088,322.9,1.3,1.1,2015-05-30,0741,Aqua,MODIS,55,6.2,305.6,12.6,D,0
28.8462,80.1764,352.2,1.3,1.1,2015-05-30,1706,Terra,MODIS,100,6.2,303.3,94.3,N,0
28.8477,80.1897,369.6,1.3,1.1,2015-05-30,1706,Terra,MODIS,100,6.2,305.6,165.6,N,0
28.8595,80.2016,315.8,1.3,1.1,2015-05-30,1706,Terra,MODIS,92,6.2,299.6,15.1,N,0
28.8653,81.0562,310.4,1.5,1.2,2015-05-30,1706,Terra,MODIS,80,6.2,297.9,11.1,N,0
29.0688,80.7147,302.7,1.4,1.2,2015-05-30,1706,Terra,MODIS,51,6.2,292.5,7.3,N,0
28.8446,80.1631,328,1.3,1.1,2015-05-30,1706,Terra,MODIS,100,6.2,297.9,34.6,N,0
28.8394,82.2991,301,1.8,1.3,2015-05-30,1706,Terra,MODIS,23,6.2,290.3,10.2,N,0
29.0246,80.5075,307.3,1.4,1.2,2015-05-30,1706,Terra,MODIS,71,6.2,295.2,9.8,N,0
28.8579,80.1882,352.5,1.3,1.1,2015-05-30,1706,Terra,MODIS,100,6.2,301.8,94.7,N,0
28.8563,80.1748,370.3,1.3,1.1,2015-05-30,1706,Terra,MODIS,100,6.2,304.1,168.8,N,0
28.8548,80.1615,338,1.3,1.1,2015-05-30,1706,Terra,MODIS,100,6.2,300.1,54.8,N,0
28.8493,80.2031,374.4,1.3,1.1,2015-05-30,1706,Terra,MODIS,100,6.2,306.5,191.7,N,0
28.8508,80.2165,323.5,1.3,1.1,2015-05-30,1706,Terra,MODIS,100,6.2,300,27,N,0
28.6361,81.292,323.6,1.2,1.1,2015-05-31,0512,Terra,MODIS,46,6.2,306.3,8,D,0
28.1262,82.6906,324.5,1,1,2015-05-31,0512,Terra,MODIS,64,6.2,308.6,10.1,D,0
28.9738,80.5512,320.8,1.3,1.1,2015-05-31,0512,Terra,MODIS,55,6.2,304.9,9.8,D,0
28.8416,80.3006,322.4,1.3,1.1,2015-05-31,0512,Terra,MODIS,45,6.2,304,12,D,0
28.7884,81.2774,322.8,2.5,1.5,2015-05-31,0824,Aqua,MODIS,57,6.2,303.7,22.2,D,0
28.1395,81.9365,310.1,1,1,2015-05-31,2030,Aqua,MODIS,29,6.2,299.9,6.1,N,0
28.1655,81.8886,310.3,1,1,2015-05-31,2030,Aqua,MODIS,34,6.2,299.8,6.4,N,0
28.1364,81.9567,310.6,1,1,2015-05-31,2030,Aqua,MODIS,34,6.2,299.4,6.5,N,0
28.1454,81.9582,308.9,1,1,2015-05-31,2030,Aqua,MODIS,36,6.2,297.9,5.2,N,0
28.2056,81.87,310.6,1,1,2015-05-31,2030,Aqua,MODIS,37,6.2,300.2,6,N,0
28.2054,82.927,319.5,3.3,1.7,2015-06-01,0555,Terra,MODIS,67,6.2,297.6,59.7,D,0
27.6258,86.0753,323.1,1,1,2015-06-01,0728,Aqua,MODIS,44,6.2,310.7,5.8,D,0
27.4398,85.7645,324.9,1.1,1,2015-06-01,0728,Aqua,MODIS,49,6.2,305.1,10.6,D,0
27.6225,86.0544,329.1,1,1,2015-06-01,0728,Aqua,MODIS,80,6.2,310.5,14.2,D,0
28.1106,82.6978,322.4,1.5,1.2,2015-06-01,0729,Aqua,MODIS,55,6.2,303.7,17.5,D,0
28.1082,82.6845,328.9,1.5,1.2,2015-06-01,0729,Aqua,MODIS,77,6.2,302.1,32.6,D,0
28.1399,82.0959,335.8,1.6,1.3,2015-06-01,0729,Aqua,MODIS,85,6.2,307.4,45.1,D,0
28.1424,82.1052,328.1,1.6,1.3,2015-06-01,0729,Aqua,MODIS,77,6.2,308.3,24.6,D,0
28.7169,80.7009,326.1,2,1.4,2015-06-01,0729,Aqua,MODIS,63,6.2,307,20.3,D,0
28.1394,82.0894,328.5,1.6,1.3,2015-06-01,0729,Aqua,MODIS,78,6.2,306.6,26.4,D,0
28.3396,82.1043,323.5,1.6,1.3,2015-06-01,0729,Aqua,MODIS,60,6.2,302.3,23,D,0
28.1286,81.9332,310.1,1.1,1.1,2015-06-01,1654,Terra,MODIS,51,6.2,299.9,6,N,0
28.8539,80.8662,306.2,1,1,2015-06-01,1654,Terra,MODIS,59,6.2,293.9,5.2,N,0
28.107,81.9143,314.9,1.1,1.1,2015-06-01,1654,Terra,MODIS,90,6.2,298.6,11.3,N,0
28.1056,81.9032,314.5,1.1,1,2015-06-01,1654,Terra,MODIS,89,6.2,298.9,10.9,N,0
28.2091,81.8454,311.8,1.1,1,2015-06-01,1654,Terra,MODIS,42,6.2,299.3,6.6,N,0
28.2305,81.8633,308.1,1.1,1,2015-06-01,1654,Terra,MODIS,64,6.2,297.6,4.7,N,0
28.3535,81.5386,315.5,1.1,1,2015-06-01,1654,Terra,MODIS,91,6.2,299.6,11,N,0
28.1595,81.9503,309.1,1.1,1.1,2015-06-01,1654,Terra,MODIS,48,6.2,298.7,5.3,N,0
27.8569,82.9634,307.8,1.2,1.1,2015-06-01,1654,Terra,MODIS,73,6.2,292.5,8.8,N,0
27.8574,82.9572,304.6,1.2,1.1,2015-06-01,1654,Terra,MODIS,19,6.2,292.1,6,N,0
28.6951,82.306,301.6,1.2,1.1,2015-06-01,1654,Terra,MODIS,36,6.2,288.3,6.3,N,0
28.1248,82.0784,322.2,1.5,1.2,2015-06-02,0500,Terra,MODIS,49,6.2,305,10.4,D,0
27.784,85.1966,326.6,1.1,1,2015-06-02,0500,Terra,MODIS,77,6.2,305.7,11.5,D,0
27.4394,85.7682,327.6,1,1,2015-06-02,0500,Terra,MODIS,24,6.2,306.8,9.6,D,0
28.1211,82.6969,328,1.9,1.3,2015-06-02,0811,Aqua,MODIS,69,6.2,305.6,33.7,D,0
28.83,82.4228,302.2,1.1,1,2015-06-02,2018,Aqua,MODIS,47,6.2,289.2,6.8,N,0
28.1297,81.9553,309.3,1.1,1,2015-06-02,2018,Aqua,MODIS,77,6.2,298.5,7.1,N,0
28.8301,81.0359,304.3,1.2,1.1,2015-06-02,2018,Aqua,MODIS,53,6.2,294,5.3,N,0
28.2987,82.6687,330.2,1,1,2015-06-02,2018,Aqua,MODIS,100,6.2,291.4,31.6,N,0
28.3002,82.6579,313.6,1,1,2015-06-02,2018,Aqua,MODIS,87,6.2,289.7,13.7,N,0
28.6983,82.2954,308.7,1.1,1,2015-06-02,2018,Aqua,MODIS,75,6.2,292.1,9.3,N,0
28.5437,81.2898,323.1,1.6,1.2,2015-06-03,0543,Terra,MODIS,65,6.2,306.1,15.8,D,0
29.0661,80.7827,317.7,1.4,1.2,2015-06-03,0543,Terra,MODIS,62,6.2,303.4,12.1,D,0
28.4672,81.9528,319.7,1.7,1.3,2015-06-03,0543,Terra,MODIS,56,6.2,304.6,15.3,D,0
28.5465,81.2743,333,1.6,1.2,2015-06-03,0543,Terra,MODIS,81,6.2,306.5,38.2,D,0
28.778,80.4366,322.2,1.4,1.2,2015-06-03,0543,Terra,MODIS,47,6.2,305.9,7.9,D,0
28.7804,80.4228,329,1.4,1.2,2015-06-03,0543,Terra,MODIS,74,6.2,307.8,20,D,0
29.1447,81.1301,316.6,1.5,1.2,2015-06-03,0543,Terra,MODIS,68,6.2,300.7,10.6,D,0
28.9831,80.7275,320.4,1.4,1.2,2015-06-03,0543,Terra,MODIS,49,6.2,303.8,14.1,D,0
28.5477,81.2803,336.4,1.6,1.2,2015-06-03,0543,Terra,MODIS,84,6.2,306.3,46.7,D,0
28.7702,80.4205,325,1.4,1.2,2015-06-03,0543,Terra,MODIS,51,6.2,307.3,12,D,0
28.6944,82.2871,321.2,1.8,1.3,2015-06-03,0543,Terra,MODIS,70,6.2,305.1,22.1,D,0
28.0736,81.988,310.3,1,1,2015-06-03,1641,Terra,MODIS,78,6.2,299.4,5.2,N,0
28.4256,81.8747,308.7,1,1,2015-06-03,1641,Terra,MODIS,47,6.2,296.4,5.4,N,0
28.311,81.724,311.2,1,1,2015-06-03,1641,Terra,MODIS,82,6.2,300.1,5.5,N,0
27.7759,82.4061,309.4,1,1,2015-06-03,1641,Terra,MODIS,62,6.2,298.9,4.2,N,0
28.9932,80.8099,306.6,1.1,1,2015-06-03,1642,Terra,MODIS,42,6.2,295.2,5.4,N,0
28.6646,82.6912,301,1,1,2015-06-03,1642,Terra,MODIS,34,6.2,289.8,4.4,N,0
28.685,82.256,307.7,1,1,2015-06-03,1642,Terra,MODIS,72,6.2,293.9,6.2,N,0
28.6835,82.2457,310.8,1,1,2015-06-03,1642,Terra,MODIS,81,6.2,295,8.4,N,0
29.1358,81.136,310.4,1,1,2015-06-03,1642,Terra,MODIS,80,6.2,295.7,7.3,N,0
29.1342,81.1254,306.4,1,1,2015-06-03,1642,Terra,MODIS,68,6.2,295.7,4.3,N,0
29.0024,80.8083,308.6,1.1,1,2015-06-03,1642,Terra,MODIS,73,6.2,294.1,7.2,N,0
29.1033,80.5743,304.9,1.1,1,2015-06-03,1642,Terra,MODIS,62,6.2,293,5.6,N,0
28.9301,80.9374,316.9,1.1,1,2015-06-03,1642,Terra,MODIS,94,6.2,297.7,13,N,0
28.5087,81.9372,307.2,1,1,2015-06-03,1642,Terra,MODIS,61,6.2,294.4,5.8,N,0
29.0992,80.5775,321.9,1,1,2015-06-05,0530,Terra,MODIS,62,6.2,305.7,10.4,D,0
29.5168,80.7445,315.8,1,1,2015-06-05,0530,Terra,MODIS,51,6.2,302.1,7.7,D,0
29.0976,80.5878,319,1,1,2015-06-05,0530,Terra,MODIS,38,6.2,303.3,6.9,D,0
29.1166,80.7632,323.4,1,1,2015-06-05,0530,Terra,MODIS,50,6.2,303.4,14.5,D,0
28.5966,81.3508,321.1,1.1,1,2015-06-05,0530,Terra,MODIS,60,6.2,306.6,7.9,D,0
28.3414,81.5076,332.6,1.1,1,2015-06-05,0531,Terra,MODIS,83,6.2,308.3,21,D,0
28.5906,81.3501,310.8,1.4,1.2,2015-06-05,1629,Terra,MODIS,81,6.2,300.3,9.6,N,0
28.6045,82.2071,310.4,1.3,1.1,2015-06-05,1629,Terra,MODIS,80,6.2,295.5,11.2,N,0
27.4327,85.7906,306,1,1,2015-06-05,1629,Terra,MODIS,66,6.2,284.5,6.7,N,0
28.6024,82.1945,305.3,1.3,1.1,2015-06-05,1629,Terra,MODIS,64,6.2,295.1,6.2,N,0
29.1621,80.3343,308.5,1.6,1.2,2015-06-05,1630,Terra,MODIS,75,6.2,297.2,12.1,N,0
29.1647,80.3399,303.1,1.3,1.1,2015-06-05,2048,Aqua,MODIS,53,6.2,292.8,6.6,N,0
28.2533,81.7347,327,1,1,2015-06-06,0747,Aqua,MODIS,71,6.2,312.9,6.8,D,0
28.6387,81.232,329.9,1,1,2015-06-06,0747,Aqua,MODIS,60,6.2,314.3,10.8,D,0
28.7202,81.3991,330.3,1,1,2015-06-06,0747,Aqua,MODIS,60,6.2,312.1,11.5,D,0
28.7888,81.1894,327.8,1,1,2015-06-06,0747,Aqua,MODIS,69,6.2,315.2,10.6,D,0
29.0879,80.3795,326.6,1.1,1,2015-06-06,0747,Aqua,MODIS,46,6.2,311,11.2,D,0
28.4775,81.3842,326.5,1,1,2015-06-06,0747,Aqua,MODIS,70,6.2,312.4,9.6,D,0
28.555,81.3521,338,1,1,2015-06-06,0747,Aqua,MODIS,85,6.2,315.1,21.9,D,0
28.83,81.2137,328.7,1,1,2015-06-06,0747,Aqua,MODIS,70,6.2,313.4,8.7,D,0
28.9251,80.699,324.6,1.1,1,2015-06-06,0747,Aqua,MODIS,68,6.2,310.6,10.8,D,0
28.8871,80.7479,321.1,1.1,1,2015-06-06,0747,Aqua,MODIS,53,6.2,306.5,8.4,D,0
28.4649,81.9767,328.2,1,1,2015-06-06,0747,Aqua,MODIS,69,6.2,311.5,10.3,D,0
28.4754,81.9854,327.3,1,1,2015-06-06,0747,Aqua,MODIS,68,6.2,309.9,9.6,D,0
27.836,83.039,325.4,1,1,2015-06-06,0747,Aqua,MODIS,64,6.2,311.5,8.7,D,0
27.7737,83.0506,331.5,1,1,2015-06-06,0747,Aqua,MODIS,76,6.2,313.1,14.8,D,0
27.7035,83.0804,328,1,1,2015-06-06,0747,Aqua,MODIS,69,6.2,314.3,7.8,D,0
27.705,83.0904,336.2,1,1,2015-06-06,0747,Aqua,MODIS,82,6.2,314.8,17.7,D,0
28.4524,81.8317,334.9,1,1,2015-06-06,0747,Aqua,MODIS,75,6.2,318.2,12.7,D,0
27.696,83.092,338.8,1,1,2015-06-06,0747,Aqua,MODIS,85,6.2,313.7,21,D,0
28.454,81.842,351,1,1,2015-06-06,0747,Aqua,MODIS,95,6.2,317.3,44,D,0
28.3804,81.5391,327.5,1,1,2015-06-06,0747,Aqua,MODIS,32,6.2,309.9,9.8,D,0
28.3733,81.5461,328.3,1,1,2015-06-06,0747,Aqua,MODIS,29,6.2,309.2,10.8,D,0
28.5805,81.3362,335.6,1,1,2015-06-06,0747,Aqua,MODIS,77,6.2,313.1,16.8,D,0
29.0662,80.8329,324.6,1.1,1,2015-06-06,0747,Aqua,MODIS,55,6.2,308.9,12.7,D,0
28.0436,82.0559,328.1,1,1,2015-06-06,0747,Aqua,MODIS,73,6.2,315.4,8.1,D,0
29.0649,80.5349,324.6,1.1,1,2015-06-06,0747,Aqua,MODIS,63,6.2,306.7,10.6,D,0
29.2043,80.3531,324.7,1.1,1,2015-06-06,0747,Aqua,MODIS,69,6.2,305.6,13.7,D,0
28.5699,81.3275,338.6,1,1,2015-06-06,0747,Aqua,MODIS,69,6.2,315.1,20.8,D,0
29.092,80.586,324,1.1,1,2015-06-06,0747,Aqua,MODIS,54,6.2,305.4,10.9,D,0
29.1013,80.5846,322.2,1.1,1,2015-06-06,0747,Aqua,MODIS,35,6.2,304.9,9.3,D,0
27.7601,82.8268,327.3,1,1,2015-06-06,0747,Aqua,MODIS,55,6.2,313.9,7.1,D,0
28.3695,82.0748,327.2,1,1,2015-06-06,0747,Aqua,MODIS,67,6.2,307.1,11.6,D,0
28.2013,81.814,327.7,1,1,2015-06-06,0747,Aqua,MODIS,64,6.2,314.2,6.8,D,0
28.1951,81.7729,334.8,1,1,2015-06-06,0747,Aqua,MODIS,83,6.2,316.2,14.5,D,0
28.2968,81.7159,326.3,1,1,2015-06-06,0747,Aqua,MODIS,66,6.2,311.4,7.8,D,0
27.7544,82.7868,328.7,1,1,2015-06-06,0747,Aqua,MODIS,71,6.2,314.1,9.5,D,0
27.7558,82.7968,328.1,1,1,2015-06-06,0747,Aqua,MODIS,63,6.2,313.9,8.4,D,0
28.0602,82.1053,335.8,1,1,2015-06-06,0747,Aqua,MODIS,84,6.2,312.2,20.8,D,0
28.0586,82.0951,329.6,1,1,2015-06-06,0747,Aqua,MODIS,76,6.2,313,12.1,D,0
28.5864,81.3134,355.6,1,1,2015-06-06,0747,Aqua,MODIS,97,6.2,316.3,58.5,D,0
28.5773,81.3152,340.5,1,1,2015-06-06,0747,Aqua,MODIS,87,6.2,315.3,25.6,D,0
28.5789,81.3257,339.7,1,1,2015-06-06,0747,Aqua,MODIS,79,6.2,315.9,22.8,D,0
29.1299,80.646,319.2,1.1,1,2015-06-06,0747,Aqua,MODIS,26,6.2,305.3,6.6,D,0
28.3258,81.6614,327.1,1,1,2015-06-06,0747,Aqua,MODIS,64,6.2,313,8.4,D,0
28.3505,81.518,344.2,1,1,2015-06-06,0747,Aqua,MODIS,90,6.2,316.6,31,D,0
28.5141,81.2578,331.9,1,1,2015-06-06,0747,Aqua,MODIS,78,6.2,312.5,14.2,D,0
29.4711,80.88,323.5,1.1,1,2015-06-06,0747,Aqua,MODIS,39,6.2,307,8.4,D,0
28.6091,81.5242,324.7,1,1,2015-06-06,0747,Aqua,MODIS,59,6.2,312.2,6.3,D,0
28.5157,81.2683,333.7,1,1,2015-06-06,0747,Aqua,MODIS,81,6.2,313.7,16.6,D,0
28.5534,81.3416,350.3,1,1,2015-06-06,0747,Aqua,MODIS,94,6.2,315.9,45.1,D,0
28.5838,81.3574,331.8,1,1,2015-06-06,0747,Aqua,MODIS,69,6.2,311.7,13.3,D,0
27.9679,82.2333,333.2,1,1,2015-06-06,0747,Aqua,MODIS,80,6.2,317.4,12.5,D,0
29.7076,82.0235,332.2,1,1,2015-06-06,0747,Aqua,MODIS,72,6.2,312.1,20.2,D,0
28.8595,80.2886,335.2,1.1,1.1,2015-06-06,0747,Aqua,MODIS,81,6.2,310.3,23.1,D,0
28.867,80.2754,329.1,1.1,1.1,2015-06-06,0747,Aqua,MODIS,73,6.2,310.3,14.9,D,0
28.3784,82.0732,326,1,1,2015-06-06,0747,Aqua,MODIS,67,6.2,306.8,11.3,D,0
29.1316,80.6567,320.5,1.1,1,2015-06-06,0747,Aqua,MODIS,41,6.2,305,9,D,0
29.1612,80.5734,302.2,1.8,1.3,2015-06-06,1712,Terra,MODIS,40,6.2,290.4,10.4,N,0
28.7997,82.1427,302.8,2.2,1.4,2015-06-06,1712,Terra,MODIS,52,6.2,290.7,18,N,0
28.8016,82.143,313.8,2.5,1.5,2015-06-06,1953,Aqua,MODIS,88,6.2,289.6,53.9,N,0
27.6846,82.7226,328.6,1,1,2015-06-07,0518,Terra,MODIS,65,6.2,311.7,10.9,D,0
27.1377,85.1417,322.8,1.2,1.1,2015-06-07,0518,Terra,MODIS,68,6.2,307.7,12.9,D,0
29.9362,81.9524,326.2,1,1,2015-06-07,0518,Terra,MODIS,69,6.2,299,18.6,D,0
28.2502,83.1883,321.4,1,1,2015-06-07,0518,Terra,MODIS,68,6.2,301.6,12.7,D,0
28.4008,81.4139,325.2,1,1,2015-06-07,0518,Terra,MODIS,54,6.2,312.1,7.8,D,0
28.8431,80.3814,333,1.1,1,2015-06-07,0518,Terra,MODIS,76,6.2,316.4,10.1,D,0
29.3267,82.5354,322.6,1,1,2015-06-07,0518,Terra,MODIS,37,6.2,294.3,14.3,D,0
29.3253,82.5454,344.7,1,1,2015-06-07,0518,Terra,MODIS,92,6.2,302.3,45,D,0
28.8416,80.3925,334.9,1.1,1,2015-06-07,0518,Terra,MODIS,79,6.2,315.8,12.5,D,0
28.8232,81.2863,325.7,1,1,2015-06-07,0518,Terra,MODIS,55,6.2,310.6,7.1,D,0
28.3684,81.5135,329.4,1,1,2015-06-07,0518,Terra,MODIS,64,6.2,313.4,10.7,D,0
28.8748,80.2839,335.3,1.1,1,2015-06-07,0518,Terra,MODIS,79,6.2,311.9,21.5,D,0
27.4787,86.0904,323.4,1.3,1.2,2015-06-07,0518,Terra,MODIS,75,6.2,305.7,14.7,D,0
28.6793,82.671,321.5,1,1,2015-06-07,0518,Terra,MODIS,47,6.2,306.4,9.5,D,0
28.6778,82.6811,322.7,1,1,2015-06-07,0518,Terra,MODIS,53,6.2,306.7,10.4,D,0
28.8408,80.8942,324.1,1.1,1,2015-06-07,0518,Terra,MODIS,48,6.2,310.6,8.6,D,0
28.9764,80.9747,325.6,1.1,1,2015-06-07,0518,Terra,MODIS,69,6.2,308.1,9.9,D,0
28.5692,81.3289,329,1,1,2015-06-07,0518,Terra,MODIS,38,6.2,312.3,9.1,D,0
27.7231,82.7712,326.7,1,1,2015-06-07,0518,Terra,MODIS,58,6.2,309.4,10.7,D,0
28.7935,82.1493,325.2,1,1,2015-06-07,0518,Terra,MODIS,63,6.2,301.4,14.4,D,0
28.8773,81.297,322.8,1,1,2015-06-07,0518,Terra,MODIS,52,6.2,307.6,8.2,D,0
28.786,82.1376,322.7,1,1,2015-06-07,0518,Terra,MODIS,54,6.2,301.6,11.3,D,0
28.8842,80.2854,326.4,1.1,1,2015-06-07,0518,Terra,MODIS,46,6.2,310.4,7.6,D,0
28.5663,81.3496,331.1,1,1,2015-06-07,0518,Terra,MODIS,71,6.2,312.2,12.6,D,0
28.9812,80.7996,324.3,1.1,1,2015-06-07,0518,Terra,MODIS,65,6.2,309.5,7.5,D,0
29.065,80.5247,324.7,1.1,1,2015-06-07,0518,Terra,MODIS,57,6.2,308.3,9.3,D,0
28.7846,82.1478,322.2,1,1,2015-06-07,0518,Terra,MODIS,64,6.2,299,11.9,D,0
29.0564,80.5318,323,2.8,1.6,2015-06-07,0830,Aqua,MODIS,58,6.2,303.4,42.3,D,0
29.0595,80.5234,322.8,2.8,1.6,2015-06-07,0830,Aqua,MODIS,60,6.2,303.6,44.3,D,0
28.7732,82.1247,343.8,3.7,1.8,2015-06-07,0830,Aqua,MODIS,89,6.2,301,269.3,D,0
28.7831,82.1226,336.9,3.7,1.8,2015-06-07,0830,Aqua,MODIS,83,6.2,301.6,190.4,D,0
28.9761,80.9661,311.7,2.4,1.5,2015-06-07,1617,Terra,MODIS,83,6.2,296.2,29.2,N,0
29.4141,81.4186,302.5,2.1,1.4,2015-06-07,1617,Terra,MODIS,49,6.2,291.7,15.7,N,0
28.5755,81.3183,309.1,1.1,1,2015-06-07,2036,Aqua,MODIS,77,6.2,298.7,6.4,N,0
29.9423,81.9583,312,1.1,1.1,2015-06-07,2036,Aqua,MODIS,84,6.2,283,17.3,N,0
28.7884,82.1531,301.6,1.2,1.1,2015-06-07,2036,Aqua,MODIS,40,6.2,290.5,6.5,N,0
29.001,80.376,312.3,1,1,2015-06-07,2036,Aqua,MODIS,84,6.2,301.8,7.9,N,0
28.3686,81.5698,312,1.1,1.1,2015-06-07,2036,Aqua,MODIS,84,6.2,300.7,8.3,N,0
28.37,81.5021,314.6,1.1,1,2015-06-07,2036,Aqua,MODIS,84,6.2,302.1,9.6,N,0
29.9441,81.9477,300.7,1.1,1,2015-06-07,2036,Aqua,MODIS,33,6.2,283,8.7,N,0
28.9808,80.9801,306.3,1.1,1,2015-06-07,2036,Aqua,MODIS,68,6.2,296.2,5.4,N,0
29.0831,80.5836,323.2,1.6,1.2,2015-06-08,0735,Aqua,MODIS,65,6.2,307.9,16.9,D,0
28.9701,80.9837,320.7,1.5,1.2,2015-06-08,0735,Aqua,MODIS,53,6.2,307.2,10,D,0
29.9321,81.9478,327.8,1.3,1.1,2015-06-08,0735,Aqua,MODIS,80,6.2,298.1,30.4,D,0
28.9971,80.8626,319.1,1.5,1.2,2015-06-08,0735,Aqua,MODIS,24,6.2,303.8,12.7,D,0
28.6141,80.8195,333.2,1.5,1.2,2015-06-08,0735,Aqua,MODIS,66,6.2,313,23.8,D,0
28.6162,80.8123,330.6,1.5,1.2,2015-06-08,0735,Aqua,MODIS,46,6.2,313.7,17.8,D,0
28.3584,81.3742,335.1,1.4,1.2,2015-06-08,0735,Aqua,MODIS,77,6.2,313.1,29.5,D,0
28.9803,80.7929,322.1,1.5,1.2,2015-06-08,0735,Aqua,MODIS,57,6.2,308.1,12.7,D,0
28.9829,80.7856,324,1.5,1.2,2015-06-08,0735,Aqua,MODIS,62,6.2,308.5,14.8,D,0
29.4923,80.545,326.3,1.5,1.2,2015-06-08,0735,Aqua,MODIS,68,6.2,309.4,23.9,D,0
28.0328,84.9503,323.6,1,1,2015-06-08,0735,Aqua,MODIS,73,6.2,304.3,10,D,0
29.4669,80.834,318,1.5,1.2,2015-06-08,0735,Aqua,MODIS,23,6.2,303.1,10.5,D,0
28.0313,84.9401,321.7,1,1,2015-06-08,0735,Aqua,MODIS,70,6.2,305.1,7.9,D,0
29.0241,80.8278,321.5,1.5,1.2,2015-06-08,0735,Aqua,MODIS,57,6.2,306.5,15.5,D,0
29.0244,80.5193,322.6,1.6,1.2,2015-06-08,0735,Aqua,MODIS,60,6.2,308.2,14.2,D,0
29.0249,80.5143,322.3,1.6,1.2,2015-06-08,0735,Aqua,MODIS,44,6.2,308.6,12.3,D,0
28.5555,81.3169,334,1.4,1.2,2015-06-08,0735,Aqua,MODIS,79,6.2,313.4,26,D,0
28.566,81.3145,350.3,1.4,1.2,2015-06-08,0735,Aqua,MODIS,94,6.2,314.3,74.5,D,0
28.237,81.7337,328.7,1.4,1.2,2015-06-08,0735,Aqua,MODIS,69,6.2,312.1,15.9,D,0
28.5741,81.2374,327.7,1.4,1.2,2015-06-08,0735,Aqua,MODIS,68,6.2,309.2,16.7,D,0
28.5634,81.3001,327.4,1.4,1.2,2015-06-08,0735,Aqua,MODIS,43,6.2,311.4,12.4,D,0
29.0844,80.4669,320.8,1.6,1.2,2015-06-08,0735,Aqua,MODIS,53,6.2,307,11.1,D,0
28.9287,80.9309,309.7,1.2,1.1,2015-06-08,1700,Terra,MODIS,78,6.2,298.6,6.8,N,0
29.803,80.5049,304.7,1.2,1.1,2015-06-08,1700,Terra,MODIS,61,6.2,293.6,6.4,N,0
28.8868,80.2638,327,1.6,1.3,2015-06-09,0506,Terra,MODIS,58,6.2,305.6,25.3,D,0
29.1244,80.606,328.1,1.6,1.2,2015-06-09,0506,Terra,MODIS,76,6.2,303.6,31.4,D,0
28.5591,81.2575,333.4,1.4,1.2,2015-06-09,0506,Terra,MODIS,80,6.2,305.3,33.7,D,0
29.0776,80.6083,319.3,1.6,1.2,2015-06-09,0506,Terra,MODIS,55,6.2,304.4,11.9,D,0
29.1232,80.6006,333.3,1.6,1.2,2015-06-09,0506,Terra,MODIS,82,6.2,304.3,44.3,D,0
28.8964,80.2819,329.5,1.6,1.3,2015-06-09,0506,Terra,MODIS,75,6.2,306.1,30.4,D,0
29.9411,81.9461,321.9,1.3,1.1,2015-06-09,0506,Terra,MODIS,64,6.2,297.3,21.9,D,0
29.9394,81.9605,315.7,1.3,1.1,2015-06-09,0506,Terra,MODIS,40,6.2,296.8,13.8,D,0
29.1259,80.5917,326.6,1.6,1.2,2015-06-09,0506,Terra,MODIS,74,6.2,303.6,29.3,D,0
28.8862,80.2736,322.9,1.6,1.3,2015-06-09,0506,Terra,MODIS,44,6.2,305.8,16.8,D,0
28.8981,80.2653,337.1,1.6,1.3,2015-06-09,0506,Terra,MODIS,84,6.2,306.3,52.4,D,0
28.8974,80.2751,332.9,1.6,1.3,2015-06-09,0506,Terra,MODIS,79,6.2,306.8,40,D,0
29.5009,81.1637,328.7,1.9,1.4,2015-06-09,0818,Aqua,MODIS,67,6.2,302.8,41.9,D,0
29.1075,80.5896,321.8,1.8,1.3,2015-06-09,0818,Aqua,MODIS,65,6.2,302.1,21.8,D,0
28.8774,80.25,306,1.1,1,2015-06-09,2024,Aqua,MODIS,33,6.2,295.8,4.2,N,0
29.133,80.5946,302.2,1.1,1,2015-06-09,2024,Aqua,MODIS,45,6.2,291.6,4.5,N,0
28.9095,80.2725,309.1,1.1,1,2015-06-09,2024,Aqua,MODIS,74,6.2,297,7.1,N,0
28.8946,80.2643,307.4,1.1,1,2015-06-09,2024,Aqua,MODIS,54,6.2,297.1,5.6,N,0
29.201,81.1305,308,1,1,2015-06-09,2024,Aqua,MODIS,73,6.2,292.1,8.2,N,0
28.5379,81.3708,319.7,2,1.4,2015-06-10,0549,Terra,MODIS,58,6.2,303.8,16.5,D,0
28.7933,81.1303,309.6,1,1,2015-06-10,1648,Terra,MODIS,78,6.2,298.5,4.4,N,0
28.6323,81.6252,305.3,1,1,2015-06-10,1648,Terra,MODIS,60,6.2,294.8,4.3,N,0
28.5345,81.7138,320.9,2.1,1.4,2015-06-11,0454,Terra,MODIS,68,6.2,296.9,21.7,D,0
28.5353,81.7206,319.9,2.1,1.4,2015-06-11,0454,Terra,MODIS,66,6.2,296.9,19.1,D,0
28.2952,81.6652,325.6,1.3,1.1,2015-06-11,0805,Aqua,MODIS,34,6.2,303.3,9.3,D,0
28.5349,81.7147,332.3,1.3,1.1,2015-06-11,0806,Aqua,MODIS,74,6.2,304.7,22.9,D,0
28.8589,81.0193,323.3,1.2,1.1,2015-06-11,0806,Aqua,MODIS,34,6.2,301,10.2,D,0
28.8634,80.2465,331.4,1.1,1.1,2015-06-11,0806,Aqua,MODIS,71,6.2,309.3,15.6,D,0
28.902,81.4288,312.3,1.4,1.2,2015-06-11,2012,Aqua,MODIS,85,6.2,293.6,16.6,N,0
28.8992,81.4262,318.7,1.3,1.1,2015-06-12,0537,Terra,MODIS,55,6.2,303.4,8.6,D,0
29.0055,80.7327,306.6,1.2,1.1,2015-06-12,1636,Terra,MODIS,69,6.2,295.2,7.5,N,0
28.8088,80.1886,314.6,1.3,1.1,2015-06-12,1636,Terra,MODIS,89,6.2,297.1,15.5,N,0
28.801,80.2043,315.6,1.3,1.1,2015-06-12,1636,Terra,MODIS,91,6.2,297.4,16.9,N,0
28.9765,80.8094,303.5,1.2,1.1,2015-06-12,1636,Terra,MODIS,55,6.2,293,4.9,N,0
28.975,80.8143,303.8,1.8,1.3,2015-06-12,2054,Aqua,MODIS,57,6.2,292.1,11.9,N,0
28.7592,80.1692,319.5,2.1,1.4,2015-06-17,0555,Terra,MODIS,39,6.2,298.5,24.7,D,0
28.7566,80.1604,322.2,2.1,1.4,2015-06-17,0729,Aqua,MODIS,20,6.2,300.5,29.7,D,0
29.3335,80.2987,305.4,1,1,2015-06-17,1654,Terra,MODIS,60,6.2,293.2,4,N,0
27.5523,83.6914,316.6,1.2,1.1,2015-06-30,0525,Terra,MODIS,66,6.2,295.5,7.1,D,0
28.0416,81.7292,310.8,1.4,1.2,2015-07-30,0537,Terra,MODIS,28,6.2,289.2,7.9,D,0
28.9359,80.9781,314.9,1,1,2015-09-01,0753,Aqua,MODIS,65,6.2,300.8,6.8,D,0
28.915,80.1151,316.9,1,1,2015-09-17,0753,Aqua,MODIS,53,6.2,300.4,7.9,D,0
28.8802,80.1048,314.6,1.4,1.2,2015-09-19,0740,Aqua,MODIS,41,6.2,296.7,10.1,D,0
27.6708,85.4282,311.2,1,1,2015-09-28,0734,Aqua,MODIS,19,6.2,296.6,5.9,D,0
27.0653,87.1555,328.9,1.1,1.1,2015-10-05,0740,Aqua,MODIS,63,6.2,308,21.4,D,0
27.7489,87.2218,302.2,1,1,2015-10-08,0459,Terra,MODIS,20,6.2,287.8,4.3,D,0
28.8407,80.1432,330.7,1.3,1.1,2015-10-08,0811,Aqua,MODIS,83,6.2,302.4,33.5,D,0
29.6734,82.7306,336.4,1.8,1.3,2015-10-09,0542,Terra,MODIS,89,6.2,295.7,87,D,0
29.6612,82.7316,333,1.8,1.3,2015-10-09,0542,Terra,MODIS,87,6.2,289.7,75.6,D,0
27.1317,85.1312,309.5,1.2,1.1,2015-10-13,0518,Terra,MODIS,31,6.2,296,5.5,D,0
28.7067,80.2594,310.5,2.7,1.6,2015-10-14,0601,Terra,MODIS,38,6.2,292.8,14.5,D,0
27.1396,85.1274,310.2,1.5,1.2,2015-10-20,0524,Terra,MODIS,54,6.2,297.4,11.3,D,0
27.1349,85.1295,315.1,1,1,2015-10-21,0740,Aqua,MODIS,43,6.2,301.5,9,D,0
28.7131,80.2534,323.9,1.1,1.1,2015-11-02,0805,Aqua,MODIS,78,6.2,300.9,18.7,D,0
28.6968,83.6973,301.2,1.1,1.1,2015-11-04,0752,Aqua,MODIS,0,6.2,284.4,7.5,D,0
27.4548,83.6002,313.1,1.1,1,2015-11-04,0752,Aqua,MODIS,63,6.2,301.7,5.8,D,0
29.0139,80.7403,314.2,1,1,2015-11-04,0753,Aqua,MODIS,70,6.2,298.1,9.3,D,0
29.6181,82.0973,322.8,1,1,2015-11-04,0753,Aqua,MODIS,77,6.2,301.3,19,D,0
29.7587,81.1076,302.7,1.2,1.1,2015-11-07,0512,Terra,MODIS,42,6.2,287.9,6,D,0
29.9236,82.4453,309.5,3.1,1.7,2015-11-07,0823,Aqua,MODIS,68,6.2,283.8,46.6,D,0
27.4874,83.7291,321.7,1.3,1.1,2015-11-08,0728,Aqua,MODIS,77,6.2,299.3,18.9,D,0
28.4335,80.9564,314.6,1.4,1.2,2015-11-09,0811,Aqua,MODIS,67,6.2,301.3,11.5,D,0
28.5913,82.9512,306.8,1.3,1.1,2015-11-12,0530,Terra,MODIS,44,6.2,288.8,11.7,D,0
30.0861,81.324,336.8,1.1,1,2015-11-12,0530,Terra,MODIS,90,6.2,292.3,40.4,D,0
30.0844,81.3352,327.2,1.1,1,2015-11-12,0530,Terra,MODIS,82,6.2,292.3,26.2,D,0
27.4702,83.0586,310.4,1.3,1.2,2015-11-12,0530,Terra,MODIS,52,6.2,298.7,6.5,D,0
27.5082,83.1284,315,1.4,1.2,2015-11-12,0530,Terra,MODIS,68,6.2,298.6,11,D,0
30.0855,81.2972,304.1,4.8,2,2015-11-13,0613,Terra,MODIS,26,6.2,283.1,60,D,0
30.0843,81.3056,305.9,4.8,2,2015-11-13,0613,Terra,MODIS,55,6.2,282.9,75.6,D,0
27.5636,83.1936,312.7,1,1,2015-11-13,0746,Aqua,MODIS,61,6.2,299.8,5.1,D,0
30.0814,81.3063,320.1,1,1,2015-11-13,0747,Aqua,MODIS,77,6.2,285.3,17,D,0
29.5845,82.1196,326.5,1,1,2015-11-13,0747,Aqua,MODIS,51,6.2,305.7,19.1,D,0
30.0829,81.3162,331,1,1,2015-11-13,0747,Aqua,MODIS,87,6.2,291.1,30.5,D,0
27.9009,86.2561,300.8,1.3,1.2,2015-11-14,0518,Terra,MODIS,15,6.2,287,8,D,0
29.7227,81.2341,304.7,1.4,1.2,2015-11-15,0734,Aqua,MODIS,60,6.2,288.1,12.4,D,0
29.7539,81.1686,305.6,1.4,1.2,2015-11-15,0734,Aqua,MODIS,55,6.2,291.3,12.2,D,0
28.4652,82.9756,310.8,1.1,1.1,2015-11-16,0506,Terra,MODIS,61,6.2,291.4,11.9,D,0
28.9807,82.6385,307.1,2.4,1.5,2015-11-17,0548,Terra,MODIS,37,6.2,289.4,25.9,D,0
27.8662,86.1801,301.4,1.1,1.1,2015-11-18,0454,Terra,MODIS,25,6.2,288.3,5.5,D,0
29.5618,82.4953,372.1,1.5,1.2,2015-11-18,0805,Aqua,MODIS,100,6.2,290.8,214.2,D,0
29.2873,82.6833,335.6,1.5,1.2,2015-11-18,0805,Aqua,MODIS,89,6.2,293,62.5,D,0
29.9476,82.0987,316.1,1.3,1.1,2015-11-19,0536,Terra,MODIS,71,6.2,282.5,24.8,D,0
29.9577,82.1004,335.1,1.3,1.1,2015-11-19,0536,Terra,MODIS,88,6.2,288.1,55.3,D,0
29.0188,82.8885,317.7,1.1,1,2015-11-21,0524,Terra,MODIS,48,6.2,301.7,13.1,D,0
29.7331,81.7529,303.1,1,1,2015-11-21,0524,Terra,MODIS,21,6.2,291.3,5.3,D,0
27.7186,84.7164,304.4,1,1,2015-11-22,0740,Aqua,MODIS,40,6.2,290.4,5,D,0
29.2954,82.9536,304.1,1,1,2015-11-23,0512,Terra,MODIS,23,6.2,289.9,7.6,D,0
28.613,83.6143,304.2,1,1,2015-11-23,0512,Terra,MODIS,44,6.2,287.8,6.4,D,0
29.7622,81.1392,324.3,1.2,1.1,2015-11-23,0512,Terra,MODIS,83,6.2,297.9,26.1,D,0
29.8493,81.3301,307.1,2.6,1.5,2015-11-23,0823,Aqua,MODIS,38,6.2,292.5,25,D,0
28.4096,81.561,314.9,2.5,1.5,2015-11-23,0823,Aqua,MODIS,70,6.2,294.5,43.5,D,0
29.8474,81.3084,315.5,2.6,1.5,2015-11-23,0823,Aqua,MODIS,75,6.2,294.3,47.3,D,0
28.4072,81.5337,310.4,2.5,1.5,2015-11-23,0823,Aqua,MODIS,62,6.2,293.5,29.7,D,0
29.5935,82.0594,314.7,1.5,1.2,2015-11-24,0728,Aqua,MODIS,32,6.2,299.3,19.6,D,0
28.3653,84.825,305.1,1.1,1.1,2015-11-24,0728,Aqua,MODIS,40,6.2,284.6,9.7,D,0
27.8659,86.1884,307.6,1,1,2015-11-25,0500,Terra,MODIS,35,6.2,295.2,7,D,0
28.3797,84.8466,315.9,1.1,1.1,2015-11-25,0500,Terra,MODIS,59,6.2,302,13.1,D,0
29.1675,81.8758,328.6,1.7,1.3,2015-11-25,0811,Aqua,MODIS,85,6.2,294.6,53.3,D,0
29.843,82.2673,322.3,1.8,1.3,2015-11-25,0811,Aqua,MODIS,82,6.2,275.2,50.9,D,0
29.8415,82.2526,335.2,1.8,1.3,2015-11-25,0811,Aqua,MODIS,89,6.2,281.4,89.1,D,0
29.1143,82.8763,307.4,1,1,2015-11-25,2017,Aqua,MODIS,71,6.2,273.8,13.8,N,0
28.8725,82.5781,305.3,1.2,1.1,2015-11-27,0758,Aqua,MODIS,53,6.2,281.6,10.4,D,0
28.6231,80.4403,308.8,1.1,1.1,2015-11-29,0746,Aqua,MODIS,53,6.2,296.4,4.5,D,0
28.9643,82.9633,318.5,1,1,2015-11-29,0746,Aqua,MODIS,45,6.2,295.6,10.3,D,0
27.0679,85.4206,314.8,1.1,1.1,2015-11-29,0746,Aqua,MODIS,51,6.2,297.5,9.8,D,0
27.6193,83.4361,312.2,1,1,2015-11-30,0518,Terra,MODIS,70,6.2,296.2,8.9,D,0
29.7498,82.1525,311.9,1.2,1.1,2015-12-01,0734,Aqua,MODIS,44,6.2,294.3,14.2,D,0
27.5691,85.3382,301.1,1,1,2015-12-01,0734,Aqua,MODIS,31,6.2,290.5,3.4,D,0
29.6704,81.2169,303.5,1.4,1.2,2015-12-01,0734,Aqua,MODIS,52,6.2,288.6,10.7,D,0
27.3287,85.3947,309.8,1,1,2015-12-01,0734,Aqua,MODIS,58,6.2,296.7,6,D,0
29.7474,82.1443,316.3,1.2,1.1,2015-12-01,0734,Aqua,MODIS,55,6.2,295.8,20.2,D,0
29.0159,82.51,308.9,1.2,1.1,2015-12-02,0505,Terra,MODIS,54,6.2,285.1,14.4,D,0
29.8955,81.2923,306,1.8,1.3,2015-12-03,0548,Terra,MODIS,63,6.2,279.8,24.8,D,0
29.7829,81.222,305.6,2.4,1.5,2015-12-04,0453,Terra,MODIS,33,6.2,291.1,20.3,D,0
27.1702,84.7663,307.6,1.9,1.4,2015-12-04,0804,Aqua,MODIS,31,6.2,293.7,9.7,D,0
27.549,84.3099,307.6,1.8,1.3,2015-12-04,0804,Aqua,MODIS,48,6.2,293.9,13.2,D,0
29.5184,82.2885,312.3,1.4,1.2,2015-12-04,0805,Aqua,MODIS,39,6.2,292.7,17.1,D,0
28.4471,83.7642,308.4,1.7,1.3,2015-12-04,0805,Aqua,MODIS,43,6.2,291.4,14.6,D,0
29.5331,82.2684,324.6,1.4,1.2,2015-12-04,0805,Aqua,MODIS,73,6.2,294.5,35.5,D,0
29.5318,82.2561,322.1,1.4,1.2,2015-12-04,0805,Aqua,MODIS,75,6.2,298.1,30.2,D,0
28.9455,82.6126,301.3,1.5,1.2,2015-12-05,0536,Terra,MODIS,37,6.2,281.8,11.1,D,0
29.7553,81.1918,304.2,1.2,1.1,2015-12-05,0536,Terra,MODIS,39,6.2,288.3,7.7,D,0
29.8619,81.2851,304,1.2,1.1,2015-12-05,0536,Terra,MODIS,32,6.2,283.9,8.3,D,0
29.8643,81.2707,315.4,1.2,1.1,2015-12-05,0536,Terra,MODIS,76,6.2,290.2,19.1,D,0
27.5661,84.465,304.3,1.2,1.1,2015-12-06,0752,Aqua,MODIS,51,6.2,293.9,5.5,D,0
28.4921,80.879,311.5,1,1,2015-12-06,0752,Aqua,MODIS,68,6.2,295.8,7.4,D,0
29.0094,82.6101,311.4,1.1,1,2015-12-06,0752,Aqua,MODIS,39,6.2,283.7,10.9,D,0
29.016,82.603,301.3,1.1,1,2015-12-06,0752,Aqua,MODIS,33,6.2,281.8,7.3,D,0
29.0174,82.6131,311.8,1.1,1,2015-12-06,0752,Aqua,MODIS,72,6.2,282.7,14.6,D,0
29.4367,81.8242,300.8,1,1,2015-12-06,0753,Aqua,MODIS,42,6.2,283.2,6.9,D,0
26.6718,87.006,328.9,2,1.4,2015-12-07,0524,Terra,MODIS,80,6.2,295.4,63.9,D,0
26.6811,87.0015,321.4,2,1.4,2015-12-07,0524,Terra,MODIS,78,6.2,295.6,41.2,D,0
29.6812,81.3172,325.1,1,1,2015-12-07,0524,Terra,MODIS,84,6.2,290.3,23.7,D,0
26.6774,87.021,309.5,2,1.4,2015-12-07,0524,Terra,MODIS,52,6.2,293,14.5,D,0
26.6715,86.9994,331.4,2.8,1.6,2015-12-07,0657,Aqua,MODIS,82,6.2,296.8,117.2,D,0
26.6659,86.9725,314.3,2.8,1.6,2015-12-07,0657,Aqua,MODIS,75,6.2,292.2,39.1,D,0
29.6763,81.1129,305.6,1.2,1.1,2015-12-09,0511,Terra,MODIS,44,6.2,290.6,6.3,D,0
28.8513,82.9249,300.7,1.4,1.2,2015-12-11,0459,Terra,MODIS,34,6.2,282.9,10.8,D,0
28.6444,80.6341,306.2,1.4,1.2,2015-12-11,0811,Aqua,MODIS,63,6.2,294.3,6.5,D,0
29.2629,82.0962,311.2,2.6,1.6,2015-12-13,0447,Terra,MODIS,57,6.2,291,38.2,D,0
28.7297,82.6366,324.7,1.2,1.1,2015-12-13,0758,Aqua,MODIS,83,6.2,286.2,31.7,D,0
28.7263,80.2746,303.2,1,1,2015-12-13,0759,Aqua,MODIS,55,6.2,292.5,3.6,D,0
29.1157,82.4446,308.7,1.2,1.1,2015-12-13,0759,Aqua,MODIS,50,6.2,292,12.4,D,0
29.0471,81.9356,303.6,1.1,1.1,2015-12-14,0530,Terra,MODIS,52,6.2,285.8,9.2,D,0
29.1529,82.6714,301.8,1.2,1.1,2015-12-14,0530,Terra,MODIS,30,6.2,285.5,9.7,D,0
28.5935,83.2807,323.5,1.3,1.1,2015-12-14,0530,Terra,MODIS,82,6.2,282.9,35.2,D,0
28.3383,84.5642,305.5,1.6,1.2,2015-12-14,0530,Terra,MODIS,30,6.2,286.7,17.6,D,0
28.3501,84.5618,315.2,1.6,1.2,2015-12-14,0530,Terra,MODIS,73,6.2,284.6,32.1,D,0
29.0484,81.9271,311,1,1,2015-12-15,0746,Aqua,MODIS,63,6.2,295.5,11.9,D,0
28.8041,82.5905,305.3,1,1,2015-12-15,0746,Aqua,MODIS,39,6.2,287.1,7.4,D,0
29.0982,81.7689,308.4,1,1,2015-12-15,0746,Aqua,MODIS,61,6.2,297.7,9.2,D,0
28.4557,84.9091,317.6,1.1,1,2015-12-15,0746,Aqua,MODIS,65,6.2,297.7,17.1,D,0
26.6392,86.9749,304,1.3,1.1,2015-12-15,0746,Aqua,MODIS,52,6.2,293,6.1,D,0
29.6058,80.6863,306.4,1.1,1,2015-12-15,0747,Aqua,MODIS,63,6.2,295.1,7.5,D,0
29.0524,81.9391,303.6,1,1,2015-12-16,0518,Terra,MODIS,31,6.2,291,6.7,D,0
29.0507,81.8866,302.4,1,1,2015-12-16,0518,Terra,MODIS,48,6.2,280.7,7.4,D,0
28.7468,82.7726,306,1,1,2015-12-16,0518,Terra,MODIS,36,6.2,288,7.4,D,0
29.5966,82.3482,306.8,3.9,1.8,2015-12-16,0829,Aqua,MODIS,33,6.2,294,44.3,D,0
28.8738,82.5846,314.9,3.9,1.8,2015-12-16,0829,Aqua,MODIS,75,6.2,286,106.7,D,0
28.8622,82.5845,316.7,3.9,1.8,2015-12-16,0829,Aqua,MODIS,77,6.2,286.9,115.8,D,0
27.1658,84.8562,306.1,1,1,2015-12-17,0733,Aqua,MODIS,59,6.2,295.6,3.4,D,0
29.0733,81.9084,304.8,1.3,1.1,2015-12-17,0734,Aqua,MODIS,59,6.2,282.9,13.5,D,0
29.012,82.125,305.2,1.3,1.1,2015-12-18,0505,Terra,MODIS,38,6.2,286,12.3,D,0
29.0596,81.6696,322.8,2.1,1.4,2015-12-18,0817,Aqua,MODIS,82,6.2,285,67.5,D,0
29.8587,82.2023,315.3,2.3,1.5,2015-12-18,0817,Aqua,MODIS,76,6.2,281.7,51.8,D,0
29.8613,82.2314,313.2,2.3,1.5,2015-12-18,0817,Aqua,MODIS,73,6.2,284.1,47.8,D,0
28.6361,80.3778,309.3,1.7,1.3,2015-12-18,0817,Aqua,MODIS,68,6.2,294.8,14.6,D,0
28.6378,80.3946,312.4,1.7,1.3,2015-12-18,0817,Aqua,MODIS,72,6.2,294.4,19.3,D,0
30.1359,81.7181,300.4,1.9,1.4,2015-12-19,0548,Terra,MODIS,0,6.2,274,21.2,D,0
29.6719,81.1656,308.7,1.8,1.3,2015-12-19,0548,Terra,MODIS,67,6.2,282,25.3,D,0
28.826,80.1647,304.3,1.6,1.2,2015-12-19,0548,Terra,MODIS,59,6.2,290.9,11.8,D,0
28.815,80.162,304,1.6,1.2,2015-12-19,0548,Terra,MODIS,58,6.2,291.4,11.1,D,0
30.1287,81.7225,306.3,1.9,1.4,2015-12-19,0548,Terra,MODIS,0,6.2,269.8,29.3,D,0
29.6673,81.1695,305.2,1.8,1.3,2015-12-19,0548,Terra,MODIS,60,6.2,280.9,18.9,D,0
30.1323,81.7365,302.3,1.9,1.4,2015-12-19,0548,Terra,MODIS,0,6.2,272.1,23.6,D,0
27.5566,84.6311,303.4,1.5,1.2,2015-12-19,0721,Aqua,MODIS,45,6.2,292,7.5,D,0
27.5617,84.66,305,1.4,1.2,2015-12-19,0721,Aqua,MODIS,53,6.2,292.1,8.8,D,0
27.554,84.6167,308.7,1.5,1.2,2015-12-19,0721,Aqua,MODIS,68,6.2,292.2,13.8,D,0
27.0675,85.4248,318.3,1.3,1.1,2015-12-19,0721,Aqua,MODIS,55,6.2,296,18.7,D,0
27.0766,85.431,320.2,1.3,1.1,2015-12-19,0721,Aqua,MODIS,66,6.2,295.6,22.2,D,0
28.8153,80.1599,311.8,2.7,1.6,2015-12-19,0722,Aqua,MODIS,72,6.2,292.6,45.2,D,0
28.8429,82.702,301.9,1.9,1.3,2015-12-20,0453,Terra,MODIS,36,6.2,283.5,14,D,0
27.0611,85.4196,306.5,2.2,1.4,2015-12-20,0804,Aqua,MODIS,56,6.2,294.6,14.5,D,0
29.6302,82.1785,317.7,1.4,1.2,2015-12-20,0805,Aqua,MODIS,78,6.2,286.2,26.1,D,0
28.99,82.5034,307.2,1.5,1.2,2015-12-20,0805,Aqua,MODIS,20,6.2,290.7,11.3,D,0
29.0637,81.9156,301.6,1.3,1.2,2015-12-20,0805,Aqua,MODIS,14,6.2,287.6,9.4,D,0
29.0653,81.6613,313.7,1.3,1.1,2015-12-20,0805,Aqua,MODIS,74,6.2,286.3,21.9,D,0
28.3686,84.9285,306.2,2.1,1.4,2015-12-22,0441,Terra,MODIS,37,6.2,285.3,20.4,D,0
28.381,84.932,334.7,2.1,1.4,2015-12-22,0441,Terra,MODIS,89,6.2,283,103.8,D,0
28.7967,82.8265,306.6,3,1.6,2015-12-22,0441,Terra,MODIS,61,6.2,284.4,40.5,D,0
27.5698,83.8717,305.2,1.1,1.1,2015-12-22,0752,Aqua,MODIS,60,6.2,294.7,7,D,0
28.7966,82.8268,311,1.1,1,2015-12-22,0752,Aqua,MODIS,50,6.2,286.3,10.1,D,0
28.798,82.8375,307.6,1.1,1,2015-12-22,0752,Aqua,MODIS,36,6.2,286.4,7.2,D,0
28.7876,82.8293,315.9,1.1,1,2015-12-22,0752,Aqua,MODIS,62,6.2,286.3,15,D,0
28.7741,82.7978,310.8,1.1,1,2015-12-22,0752,Aqua,MODIS,64,6.2,282.8,12.4,D,0
27.5654,83.8791,306.5,1.1,1.1,2015-12-22,0752,Aqua,MODIS,44,6.2,294.8,7.7,D,0
28.7094,82.9378,305,1.1,1,2015-12-22,0752,Aqua,MODIS,46,6.2,288,7.2,D,0
27.5712,83.8831,306,1.1,1.1,2015-12-22,0752,Aqua,MODIS,62,6.2,293.6,7.7,D,0
26.898,87.906,304,1.9,1.4,2015-12-22,0752,Aqua,MODIS,54,6.2,290.5,13.8,D,0
28.8281,80.1126,311.2,1,1,2015-12-22,0753,Aqua,MODIS,71,6.2,291.3,8.9,D,0
29.8019,82.1653,301.9,1,1,2015-12-22,0753,Aqua,MODIS,49,6.2,276.3,9.3,D,0
29.8385,82.0725,346.7,1,1,2015-12-23,0523,Terra,MODIS,95,6.2,283.1,57.6,D,0
29.837,82.0827,307.2,1,1,2015-12-23,0523,Terra,MODIS,46,6.2,283,8.7,D,0
28.7942,82.8334,340.2,1.1,1,2015-12-23,0524,Terra,MODIS,92,6.2,284.4,49.4,D,0
28.7959,82.8228,320.8,1.1,1,2015-12-23,0524,Terra,MODIS,80,6.2,280.1,21.4,D,0
28.7867,82.8218,309.2,1.1,1,2015-12-23,0524,Terra,MODIS,43,6.2,278.5,10.7,D,0
28.8247,80.157,308.7,3.4,1.7,2015-12-23,0835,Aqua,MODIS,34,6.2,289.9,40.8,D,0
28.869,80.1182,307.3,3.4,1.7,2015-12-23,0835,Aqua,MODIS,65,6.2,291.2,42.8,D,0
28.8138,80.2281,310.7,3.4,1.7,2015-12-23,0835,Aqua,MODIS,42,6.2,290,52.3,D,0
28.8023,80.2369,310.2,3.4,1.7,2015-12-23,0835,Aqua,MODIS,70,6.2,290.3,53.8,D,0
28.8223,80.1224,308.8,3.4,1.7,2015-12-23,0835,Aqua,MODIS,57,6.2,290.9,43.7,D,0
28.8102,80.1313,312.2,3.4,1.7,2015-12-23,0835,Aqua,MODIS,68,6.2,291.1,57.8,D,0
26.6568,86.9865,322.6,1.1,1.1,2015-12-24,0739,Aqua,MODIS,72,6.2,298.8,17.9,D,0
29.0567,82.8777,300,1,1,2015-12-24,0740,Aqua,MODIS,7,6.2,280,6.9,D,0
28.6674,80.3596,303.8,1.3,1.1,2015-12-24,0740,Aqua,MODIS,57,6.2,292.7,6.4,D,0
28.8097,80.2319,318.8,1.3,1.1,2015-12-24,0740,Aqua,MODIS,79,6.2,292.3,24.8,D,0
28.8074,80.2184,313.6,1.3,1.1,2015-12-24,0740,Aqua,MODIS,74,6.2,291.9,17.7,D,0
28.141,85.0033,315.9,1,1,2015-12-24,0740,Aqua,MODIS,76,6.2,287.1,15.8,D,0
28.1424,85.0135,309.1,1,1,2015-12-24,0740,Aqua,MODIS,66,6.2,288.1,10.4,D,0
28.816,80.1461,312.1,1.4,1.2,2015-12-24,0740,Aqua,MODIS,72,6.2,289.1,16.7,D,0
29.0587,82.8668,312.1,1,1,2015-12-25,0511,Terra,MODIS,65,6.2,286.5,14.1,D,0
30.0327,80.7565,315.1,1.3,1.1,2015-12-25,0511,Terra,MODIS,58,6.2,283.8,20.8,D,0
29.5739,81.5221,311.7,1.2,1.1,2015-12-25,0511,Terra,MODIS,69,6.2,285.6,16.1,D,0
28.3615,84.8716,305.2,1,1,2015-12-25,0512,Terra,MODIS,34,6.2,289.9,7.7,D,0
28.5919,80.4799,303.4,1.3,1.1,2015-12-25,0512,Terra,MODIS,56,6.2,289.6,7.8,D,0
28.7963,82.8351,302,1,1,2015-12-25,0512,Terra,MODIS,30,6.2,283.2,5.8,D,0
28.7347,80.3059,301.6,1.3,1.1,2015-12-25,0512,Terra,MODIS,48,6.2,290.2,6.3,D,0
29.6873,81.1426,305.2,2.5,1.5,2015-12-25,0823,Aqua,MODIS,46,6.2,290.6,22.5,D,0
27.2991,84.7593,306.3,4.2,1.9,2015-12-25,0823,Aqua,MODIS,59,6.2,290.9,54.2,D,0
27.3041,84.7962,301.7,4.2,1.9,2015-12-25,0823,Aqua,MODIS,27,6.2,289.8,35.5,D,0
29.9147,80.9608,307.4,2.4,1.5,2015-12-25,0823,Aqua,MODIS,38,6.2,283.6,34.7,D,0
29.9074,80.9682,314.7,2.4,1.5,2015-12-25,0823,Aqua,MODIS,55,6.2,287.8,49.6,D,0
28.7932,80.1302,309.7,2,1.4,2015-12-25,0823,Aqua,MODIS,64,6.2,292.6,20.7,D,0
27.3014,84.7547,304.2,4.2,1.9,2015-12-25,0823,Aqua,MODIS,53,6.2,290.8,44.3,D,0
27.2982,85.966,302.5,1.1,1,2015-12-26,0727,Aqua,MODIS,52,6.2,289.4,6.1,D,0
26.85,86.0496,311,1.1,1,2015-12-26,0727,Aqua,MODIS,68,6.2,297.9,6.4,D,0
26.8408,86.0514,311.3,1.1,1,2015-12-26,0727,Aqua,MODIS,69,6.2,296.3,6.6,D,0
28.2841,83.9997,304.9,1.3,1.1,2015-12-26,0728,Aqua,MODIS,58,6.2,288.5,9.9,D,0
28.2204,84.9704,325.4,1.1,1.1,2015-12-26,0728,Aqua,MODIS,84,6.2,294.1,30,D,0
28.2184,84.9581,303.7,1.1,1.1,2015-12-26,0728,Aqua,MODIS,36,6.2,290.5,8.7,D,0
28.3768,85.0039,320.6,1.1,1.1,2015-12-26,0728,Aqua,MODIS,66,6.2,295.7,20.2,D,0
30.0021,81.9702,309.1,1.5,1.2,2015-12-26,0728,Aqua,MODIS,45,6.2,288.6,18,D,0
29.9962,81.978,305.6,1.5,1.2,2015-12-26,0728,Aqua,MODIS,11,6.2,287.3,14.4,D,0
28.1782,85.1581,308.5,1.1,1.1,2015-12-26,0728,Aqua,MODIS,47,6.2,296.2,11.4,D,0
29.4742,82.679,300.3,1.4,1.2,2015-12-26,0728,Aqua,MODIS,14,6.2,281.8,9.6,D,0
30.0011,81.9827,304.6,1.7,1.3,2015-12-27,0459,Terra,MODIS,28,6.2,287.4,14.1,D,0
29.7605,81.8927,315.6,1.7,1.3,2015-12-27,0459,Terra,MODIS,76,6.2,290,33.2,D,0
29.759,81.9069,310.6,1.7,1.3,2015-12-27,0459,Terra,MODIS,70,6.2,287.9,25.2,D,0
29.0351,81.6638,303.2,1.7,1.3,2015-12-27,0459,Terra,MODIS,48,6.2,291,10.6,D,0
28.3467,84.4776,313.1,1.2,1.1,2015-12-27,0459,Terra,MODIS,64,6.2,287.8,17,D,0
27.4682,83.2632,311,2,1.4,2015-12-27,0810,Aqua,MODIS,69,6.2,295.4,16.4,D,0
27.5454,84.5303,304.3,2.4,1.5,2015-12-27,0810,Aqua,MODIS,54,6.2,293.7,15.8,D,0
27.4623,83.2511,309.2,2,1.4,2015-12-27,0810,Aqua,MODIS,66,6.2,294.2,12.7,D,0
27.5318,84.5315,303.7,2.4,1.5,2015-12-27,0810,Aqua,MODIS,42,6.2,292,15.4,D,0
28.7762,80.1756,348.3,1.3,1.1,2015-12-27,0811,Aqua,MODIS,95,6.2,293.3,84.5,D,0
29.0231,82.4318,302.9,1.8,1.3,2015-12-27,0811,Aqua,MODIS,37,6.2,284.5,13.7,D,0
29.0159,82.442,308.3,1.8,1.3,2015-12-27,0811,Aqua,MODIS,55,6.2,288,21.5,D,0
29.065,82.0294,309.7,1.7,1.3,2015-12-27,0811,Aqua,MODIS,34,6.2,295.9,16,D,0
28.7764,80.1819,308.8,1.3,1.1,2015-12-27,0811,Aqua,MODIS,68,6.2,291.7,11.7,D,0
28.7749,80.1687,308.7,1.3,1.1,2015-12-27,0811,Aqua,MODIS,67,6.2,291.8,11.2,D,0
28.785,80.1671,335.4,1.3,1.1,2015-12-27,0811,Aqua,MODIS,89,6.2,292.8,51.3,D,0
28.7865,80.1804,333,1.3,1.1,2015-12-27,0811,Aqua,MODIS,88,6.2,291.7,46.5,D,0
29.0763,80.6632,304.7,1.4,1.2,2015-12-27,0811,Aqua,MODIS,59,6.2,292.2,8.2,D,0
29.0761,82.5824,306.6,1.8,1.3,2015-12-28,0542,Terra,MODIS,52,6.2,294,20.1,D,0
28.4485,80.9172,304.8,1.5,1.2,2015-12-28,0542,Terra,MODIS,60,6.2,291.7,9.8,D,0
28.3908,81.2314,321.6,1.5,1.2,2015-12-28,0542,Terra,MODIS,81,6.2,292,33.8,D,0
27.5444,84.5877,304.3,1.8,1.3,2015-12-28,0715,Aqua,MODIS,50,6.2,292.4,11.4,D,0
29.7603,82.0724,302.5,1,1,2015-12-28,1641,Terra,MODIS,50,6.2,280.3,9,N,0
29.1202,82.0493,304.3,2.6,1.6,2015-12-29,0447,Terra,MODIS,51,6.2,290.3,23.2,D,0
28.3406,84.8119,324.5,1.7,1.3,2015-12-29,0447,Terra,MODIS,73,6.2,287.6,41.8,D,0
27.4613,86.9159,304.4,1.2,1.1,2015-12-29,0447,Terra,MODIS,45,6.2,294.4,11.5,D,0
28.3382,84.8303,322,1.7,1.3,2015-12-29,0447,Terra,MODIS,71,6.2,291.3,41,D,0
28.339,84.8259,327,1.7,1.3,2015-12-29,0447,Terra,MODIS,64,6.2,292.8,48.8,D,0
28.3396,84.8168,334.1,1.7,1.3,2015-12-29,0447,Terra,MODIS,89,6.2,289.5,71.2,D,0
28.362,84.9289,314.3,1.6,1.3,2015-12-29,0447,Terra,MODIS,75,6.2,288.8,25.1,D,0
28.364,84.9099,307.8,1.6,1.3,2015-12-29,0447,Terra,MODIS,58,6.2,292.7,15.4,D,0
28.9076,82.4085,304.9,2.5,1.5,2015-12-29,0447,Terra,MODIS,32,6.2,291,19.4,D,0
29.0049,82.4857,309.3,2.5,1.5,2015-12-29,0447,Terra,MODIS,43,6.2,294.7,27.7,D,0
27.3111,84.7734,306.8,1.5,1.2,2015-12-29,0758,Aqua,MODIS,62,6.2,294,11.1,D,0
27.3103,84.7522,308.2,1.5,1.2,2015-12-29,0758,Aqua,MODIS,38,6.2,293.1,11.1,D,0
27.3094,84.758,317.5,1.5,1.2,2015-12-29,0758,Aqua,MODIS,77,6.2,293.6,26.2,D,0
28.2364,84.6834,307,1.6,1.2,2015-12-29,0758,Aqua,MODIS,65,6.2,284.2,16.6,D,0
27.312,84.7676,315.3,1.5,1.2,2015-12-29,0758,Aqua,MODIS,75,6.2,294.2,21.2,D,0
28.3466,84.8592,317.9,1.6,1.2,2015-12-29,0758,Aqua,MODIS,71,6.2,285.3,32.9,D,0
28.3443,84.8363,326.3,1.6,1.2,2015-12-29,0758,Aqua,MODIS,84,6.2,288.1,50.5,D,0
28.5955,82.9034,327.7,1.2,1.1,2015-12-29,0758,Aqua,MODIS,84,6.2,295.9,33.6,D,0
29.0409,81.5908,310.2,1.1,1,2015-12-29,0759,Aqua,MODIS,70,6.2,293.4,11.2,D,0
29.2176,81.6863,345.7,1.1,1,2015-12-29,0759,Aqua,MODIS,94,6.2,296.8,60.9,D,0
29.0502,81.9642,307.2,1.1,1.1,2015-12-29,0759,Aqua,MODIS,49,6.2,292.5,8.5,D,0
29.0488,81.9531,313.6,1.1,1.1,2015-12-29,0759,Aqua,MODIS,66,6.2,294.9,13.5,D,0
29.1275,82.4313,325.1,1.2,1.1,2015-12-29,0759,Aqua,MODIS,84,6.2,295.7,27.6,D,0
29.2189,81.6962,419.3,1.1,1.1,2015-12-29,0759,Aqua,MODIS,100,6.2,309.3,453.8,D,0
29.6928,81.7356,311.7,1.1,1.1,2015-12-29,0759,Aqua,MODIS,72,6.2,288.2,12.6,D,0
29.1259,82.4183,311.5,1.2,1.1,2015-12-29,0759,Aqua,MODIS,59,6.2,289.3,11.7,D,0
29.689,81.2171,306.7,1.1,1,2015-12-29,0759,Aqua,MODIS,52,6.2,295.5,7.5,D,0
29.7658,81.8222,309.3,1.1,1.1,2015-12-29,0759,Aqua,MODIS,59,6.2,290.9,11.7,D,0
29.6943,81.7473,305.7,1.1,1.1,2015-12-29,0759,Aqua,MODIS,55,6.2,290.3,7.7,D,0
29.6835,81.7377,308.9,1.1,1.1,2015-12-29,0759,Aqua,MODIS,33,6.2,291.3,9.2,D,0
29.1152,82.0553,306.1,1.1,1.1,2015-12-29,0759,Aqua,MODIS,45,6.2,295.6,8,D,0
29.3967,81.5036,313.1,1.1,1,2015-12-29,0759,Aqua,MODIS,69,6.2,291.4,14,D,0
29.3873,81.5047,326.5,1.1,1,2015-12-29,0759,Aqua,MODIS,84,6.2,286.3,28,D,0
29.0422,81.6008,300.4,1.1,1,2015-12-29,0759,Aqua,MODIS,26,6.2,287.5,4.4,D,0
28.664,82.5965,306.6,1.2,1.1,2015-12-30,0530,Terra,MODIS,44,6.2,291.5,10.2,D,0
29.5832,81.7563,313.7,1.1,1,2015-12-30,0530,Terra,MODIS,68,6.2,286,15.5,D,0
29.8828,81.9549,308.4,1.1,1,2015-12-30,0530,Terra,MODIS,62,6.2,284.9,11.9,D,0
28.8911,82.4085,304.9,1.2,1.1,2015-12-30,0530,Terra,MODIS,42,6.2,287.7,8.8,D,0
29.6177,82.2038,301.8,1.1,1.1,2015-12-30,0530,Terra,MODIS,12,6.2,284.7,6.6,D,0
29.0167,82.5848,308.6,1.2,1.1,2015-12-30,0530,Terra,MODIS,47,6.2,296.2,10.4,D,0
29.6312,82.1815,313,1.1,1.1,2015-12-30,0530,Terra,MODIS,73,6.2,284.8,14.7,D,0
28.8882,82.485,310.6,1.2,1.1,2015-12-30,0530,Terra,MODIS,58,6.2,295.8,13.4,D,0
29.0862,82.8782,311.7,1.2,1.1,2015-12-30,1629,Terra,MODIS,51,6.2,271.8,19.2,N,0
29.075,82.8702,304.2,1.2,1.1,2015-12-30,1629,Terra,MODIS,59,6.2,269.7,14,N,0
29.0182,81.3872,311.6,1,1,2015-12-31,0746,Aqua,MODIS,72,6.2,290.4,10,D,0
27.4386,83.8393,312.1,1,1,2015-12-31,0746,Aqua,MODIS,69,6.2,298.7,6.5,D,0
28.954,82.6346,307.8,1,1,2015-12-31,0746,Aqua,MODIS,29,6.2,293.9,8.6,D,0
28.8104,82.5337,312.6,1,1,2015-12-31,0746,Aqua,MODIS,64,6.2,290.9,11.9,D,0
29.5401,81.4192,306,1,1,2015-12-31,0747,Aqua,MODIS,52,6.2,286.8,8.5,D,0
30.0036,81.9896,300.8,1,1,2015-12-31,0747,Aqua,MODIS,40,6.2,281.6,6.7,D,0
29.6639,81.2591,300.5,1,1,2015-12-31,0747,Aqua,MODIS,33,6.2,288.5,5,D,0
29.5092,82.2685,308.8,1,1,2015-12-31,0747,Aqua,MODIS,49,6.2,286.5,9.6,D,0
